Workbook

Sheet README
A1: Andah KTDI model, seed-driven
A3: THE SEED
A4: Config!B2. Change it to any whole number and every random element re-rolls across all 172
A5: countries at once. The same seed always rebuilds the same world, so nothing is lost by trying one.
A6: Config!B3 is the dice strength; set it to 0 to switch the randomness off completely and keep only
A7: the real analogue data.
A8: Moving from seed 1765 to 4242 changes 157 of the 172 KTDI values, by a median of 0.013 and at
A9: most 0.143.
A11: WHY THERE IS A HOME-MADE RANDOM GENERATOR IN HERE
A12: Excel has no seeded random function. RAND() cannot be reproduced and recalculates on every edit,
A13: which would mean the file never showed the same world twice. So the dice are a linear congruential
A14: generator over the seed and a fixed per-country Dice ID, in the hidden u1/u2/u3 columns. It is
... A43: Earth analogues into the Earth Comparsion sheet is the fix; raising the dice barely moves it.

Sheet KTDI Model
A1: Country | B1: Continent | C1: Archetypes | D1: GDP per capita, nominal (lahn) | E1: GDP per capita, nominal (US$) | F1: log income | G1: Income index | H1: u1 | I1: u2 | J1: u3 | K1: own dev h | L1: own dev e | M1: sib count | N1: sib pick | O1: dev h used | P1: dev e used | Q1: exp health | R1: exp educ | S1: health idx raw | T1: Life expectancy (auto) | U1: Life expectancy (yours) | V1: Life expectancy (used) | W1: educ idx target | X1: eys0 | Y1: mys0 | Z1: ie0 | AA1: Expected yrs schooling (auto) | AB1: (yours) | AC1: (used) | AD1: Mean yrs schooling (auto) | AE1: (yours) | AF1: (used) | AG1: Health index | AH1: Education index | AI1: KTDI computed | AJ1: KTDI published | AK1: Change | AL1: Change vs shared shift | AM1: Review | AN1: Rank computed | AO1: Rank published | AP1: Dice ID (do not edit or sort away)
A2: Acetoa | B2: Acrola | C2: — | D2: 66667 | E2: =D2*Config!$B$4 | F2: =LN(MAX(60,E2)) | G2: =MEDIAN(0,(F2-LN(Config!$B$5))/(LN(Config!$B$6)-LN(Config!$B$5)),1) | H2: =MOD((Config!$B$2+$AP2*7919)*9301+49297,233280)/233280 | I2: =MOD((Config!$B$2+$AP2*104729)*4096+150889,714025)/714025 | J2: =MOD((Config!$B$2*31+$AP2*15485863)*1366+150889,714025)/714025 | M2: =COUNTIF(Siblings!$A$2:$A$84,B2) | N2: =1+INT(J2*M2) | O2: =IF(K2<>"",K2,IFERROR(INDEX(Siblings!$D$2:$D$84,MATCH(B2&"|"&N2,Siblings!$F$2:$F$84,0)),0)) | P2: =IF(L2<>"",L2,IFERROR(INDEX(Siblings!$E$2:$E$84,MATCH(B2&"|"&N2,Siblings!$F$2:$F$84,0)),0)) | Q2: =(INDEX('Earth curves'!$B$2:$B$46,MAX(1,MIN(44,IFERROR(MATCH(F2,'Earth curves'!$A$2:$A$46,1),1))))+(F2-INDEX('Earth curves'!$A$2:$A$46,MAX(1,MIN(44,IFERROR(MATCH(F2,'Earth curves'!$A$2:$A$46,1),1)))))*(INDEX('Earth curves'!$B$2:$B$46,MAX(1,MIN(44,IFERROR(MATCH(F2,'Earth curves'!$A$2:$A$46,1),1)))+1)-INDEX('Earth curves'!$B$2:$B$46,MAX(1,MIN(44,IFERROR(MATCH(F2,'Earth curves'!$A$2:$A$46,1),1)))))/(INDEX('Earth curves'!$A$2:$A$46,MAX(1,MIN(44,IFERROR(MATCH(F2,'Earth curves'!$A$2:$A$46,1),1)))+1)-INDEX('Earth curves'!$A$2:$A$46,MAX(1,MIN(44,IFERROR(MATCH(F2,'Earth curves'!$A$2:$A$46,1),1)))))) | R2: =(INDEX('Earth curves'!$C$2:$C$46,MAX(1,MIN(44,IFERROR(MATCH(F2,'Earth curves'!$A$2:$A$46,1),1))))+(F2-INDEX('Earth curves'!$A$2:$A$46,MAX(1,MIN(44,IFERROR(MATCH(F2,'Earth curves'!$A$2:$A$46,1),1)))))*(INDEX('Earth curves'!$C$2:$C$46,MAX(1,MIN(44,IFERROR(MATCH(F2,'Earth curves'!$A$2:$A$46,1),1)))+1)-INDEX('Earth curves'!$C$2:$C$46,MAX(1,MIN(44,IFERROR(MATCH(F2,'Earth curves'!$A$2:$A$46,1),1)))))/(INDEX('Earth curves'!$A$2:$A$46,MAX(1,MIN(44,IFERROR(MATCH(F2,'Earth curves'!$A$2:$A$46,1),1)))+1)-INDEX('Earth curves'!$A$2:$A$46,MAX(1,MIN(44,IFERROR(MATCH(F2,'Earth curves'!$A$2:$A$46,1),1)))))) | S2: =MEDIAN(0.307692,Q2+MEDIAN(-0.350583,O2+NORMSINV(H2)*0.064828*Config!$B$3,0.120277),0.993846) | T2: =ROUND(Config!$B$7+(Config!$B$8-Config!$B$7)*S2,1) | V2: =IF(U2="",T2,U2) | W2: =MEDIAN(0.05,R2+MEDIAN(-0.302219,P2+NORMSINV(I2)*0.089531*Config!$B$3,0.274961),0.999) | X2: =(INDEX('Earth curves'!$F$2:$F$46,MAX(1,MIN(44,IFERROR(MATCH(W2,'Earth curves'!$E$2:$E$46,1),1))))+(W2-INDEX('Earth curves'!$E$2:$E$46,MAX(1,MIN(44,IFERROR(MATCH(W2,'Earth curves'!$E$2:$E$46,1),1)))))*(INDEX('Earth curves'!$F$2:$F$46,MAX(1,MIN(44,IFERROR(MATCH(W2,'Earth curves'!$E$2:$E$46,1),1)))+1)-INDEX('Earth curves'!$F$2:$F$46,MAX(1,MIN(44,IFERROR(MATCH(W2,'Earth curves'!$E$2:$E$46,1),1)))))/(INDEX('Earth curves'!$E$2:$E$46,MAX(1,MIN(44,IFERROR(MATCH(W2,'Earth curves'!$E$2:$E$46,1),1)))+1)-INDEX('Earth curves'!$E$2:$E$46,MAX(1,MIN(44,IFERROR(MATCH(W2,'Earth curves'!$E$2:$E$46,1),1)))))) | Y2: =(INDEX('Earth curves'!$G$2:$G$46,MAX(1,MIN(44,IFERROR(MATCH(W2,'Earth curves'!$E$2:$E$46,1),1))))+(W2-INDEX('Earth curves'!$E$2:$E$46,MAX(1,MIN(44,IFERROR(MATCH(W2,'Earth curves'!$E$2:$E$46,1),1)))))*(INDEX('Earth curves'!$G$2:$G$46,MAX(1,MIN(44,IFERROR(MATCH(W2,'Earth curves'!$E$2:$E$46,1),1)))+1)-INDEX('Earth curves'!$G$2:$G$46,MAX(1,MIN(44,IFERROR(MATCH(W2,'Earth curves'!$E$2:$E$46,1),1)))))/(INDEX('Earth curves'!$E$2:$E$46,MAX(1,MIN(44,IFERROR(MATCH(W2,'Earth curves'!$E$2:$E$46,1),1)))+1)-INDEX('Earth curves'!$E$2:$E$46,MAX(1,MIN(44,IFERROR(MATCH(W2,'Earth curves'!$E$2:$E$46,1),1)))))) | Z2: =(MIN(X2/Config!$B$9,1)+MIN(Y2/Config!$B$10,1))/2 | AA2: =ROUND(MIN(22,MAX(3,X2*W2/Z2)),1) | AC2: =IF(AB2="",AA2,AB2) | AD2: =ROUND(MIN(Config!$B$10,MAX(1,Y2*W2/Z2)),1) | AF2: =IF(AE2="",AD2,AE2) | AG2: =(V2-Config!$B$7)/(Config!$B$8-Config!$B$7) | AH2: =(MIN(AC2/Config!$B$9,1)+MIN(AF2/Config!$B$10,1))/2 | AI2: =ROUND((AG2*AH2*G2)^(1/3),3) | AJ2: 0.779 | AK2: =AI2-AJ2 | AL2: =AK2-AVERAGE($AK$2:$AK$173) | AM2: =IF(ABS(AL2)>Config!$B$11,"REVIEW","") | AN2: =RANK(AI2,$AI$2:$AI$173) | AO2: =RANK(AJ2,$AJ$2:$AJ$173) | AP2: 2
A3: Acrana | B3: Ayuma | C3: militarised, resource | D3: 70794 | E3: =D3*Config!$B$4 | F3: =LN(MAX(60,E3)) | G3: =MEDIAN(0,(F3-LN(Config!$B$5))/(LN(Config!$B$6)-LN(Config!$B$5)),1) | H3: =MOD((Config!$B$2+$AP3*7919)*9301+49297,233280)/233280 | I3: =MOD((Config!$B$2+$AP3*104729)*4096+150889,714025)/714025 | J3: =MOD((Config!$B$2*31+$AP3*15485863)*1366+150889,714025)/714025 | K3: 0.036007 | L3: 0.071534 | M3: =COUNTIF(Siblings!$A$2:$A$84,B3) | N3: =1+INT(J3*M3) | O3: =IF(K3<>"",K3,IFERROR(INDEX(Siblings!$D$2:$D$84,MATCH(B3&"|"&N3,Siblings!$F$2:$F$84,0)),0)) | P3: =IF(L3<>"",L3,IFERROR(INDEX(Siblings!$E$2:$E$84,MATCH(B3&"|"&N3,Siblings!$F$2:$F$84,0)),0)) | Q3: =(INDEX('Earth curves'!$B$2:$B$46,MAX(1,MIN(44,IFERROR(MATCH(F3,'Earth curves'!$A$2:$A$46,1),1))))+(F3-INDEX('Earth curves'!$A$2:$A$46,MAX(1,MIN(44,IFERROR(MATCH(F3,'Earth curves'!$A$2:$A$46,1),1)))))*(INDEX('Earth curves'!$B$2:$B$46,MAX(1,MIN(44,IFERROR(MATCH(F3,'Earth curves'!$A$2:$A$46,1),1)))+1)-INDEX('Earth curves'!$B$2:$B$46,MAX(1,MIN(44,IFERROR(MATCH(F3,'Earth curves'!$A$2:$A$46,1),1)))))/(INDEX('Earth curves'!$A$2:$A$46,MAX(1,MIN(44,IFERROR(MATCH(F3,'Earth curves'!$A$2:$A$46,1),1)))+1)-INDEX('Earth curves'!$A$2:$A$46,MAX(1,MIN(44,IFERROR(MATCH(F3,'Earth curves'!$A$2:$A$46,1),1)))))) | R3: =(INDEX('Earth curves'!$C$2:$C$46,MAX(1,MIN(44,IFERROR(MATCH(F3,'Earth curves'!$A$2:$A$46,1),1))))+(F3-INDEX('Earth curves'!$A$2:$A$46,MAX(1,MIN(44,IFERROR(MATCH(F3,'Earth curves'!$A$2:$A$46,1),1)))))*(INDEX('Earth curves'!$C$2:$C$46,MAX(1,MIN(44,IFERROR(MATCH(F3,'Earth curves'!$A$2:$A$46,1),1)))+1)-INDEX('Earth curves'!$C$2:$C$46,MAX(1,MIN(44,IFERROR(MATCH(F3,'Earth curves'!$A$2:$A$46,1),1)))))/(INDEX('Earth curves'!$A$2:$A$46,MAX(1,MIN(44,IFERROR(MATCH(F3,'Earth curves'!$A$2:$A$46,1),1)))+1)-INDEX('Earth curves'!$A$2:$A$46,MAX(1,MIN(44,IFERROR(MATCH(F3,'Earth curves'!$A$2:$A$46,1),1)))))) | S3: =MEDIAN(0.307692,Q3+MEDIAN(-0.350583,O3+NORMSINV(H3)*0.064828*Config!$B$3,0.120277),0.993846) | T3: =ROUND(Config!$B$7+(Config!$B$8-Config!$B$7)*S3,1) | V3: =IF(U3="",T3,U3) | W3: =MEDIAN(0.05,R3+MEDIAN(-0.302219,P3+NORMSINV(I3)*0.089531*Config!$B$3,0.274961),0.999) | X3: =(INDEX('Earth curves'!$F$2:$F$46,MAX(1,MIN(44,IFERROR(MATCH(W3,'Earth curves'!$E$2:$E$46,1),1))))+(W3-INDEX('Earth curves'!$E$2:$E$46,MAX(1,MIN(44,IFERROR(MATCH(W3,'Earth curves'!$E$2:$E$46,1),1)))))*(INDEX('Earth curves'!$F$2:$F$46,MAX(1,MIN(44,IFERROR(MATCH(W3,'Earth curves'!$E$2:$E$46,1),1)))+1)-INDEX('Earth curves'!$F$2:$F$46,MAX(1,MIN(44,IFERROR(MATCH(W3,'Earth curves'!$E$2:$E$46,1),1)))))/(INDEX('Earth curves'!$E$2:$E$46,MAX(1,MIN(44,IFERROR(MATCH(W3,'Earth curves'!$E$2:$E$46,1),1)))+1)-INDEX('Earth curves'!$E$2:$E$46,MAX(1,MIN(44,IFERROR(MATCH(W3,'Earth curves'!$E$2:$E$46,1),1)))))) | Y3: =(INDEX('Earth curves'!$G$2:$G$46,MAX(1,MIN(44,IFERROR(MATCH(W3,'Earth curves'!$E$2:$E$46,1),1))))+(W3-INDEX('Earth curves'!$E$2:$E$46,MAX(1,MIN(44,IFERROR(MATCH(W3,'Earth curves'!$E$2:$E$46,1),1)))))*(INDEX('Earth curves'!$G$2:$G$46,MAX(1,MIN(44,IFERROR(MATCH(W3,'Earth curves'!$E$2:$E$46,1),1)))+1)-INDEX('Earth curves'!$G$2:$G$46,MAX(1,MIN(44,IFERROR(MATCH(W3,'Earth curves'!$E$2:$E$46,1),1)))))/(INDEX('Earth curves'!$E$2:$E$46,MAX(1,MIN(44,IFERROR(MATCH(W3,'Earth curves'!$E$2:$E$46,1),1)))+1)-INDEX('Earth curves'!$E$2:$E$46,MAX(1,MIN(44,IFERROR(MATCH(W3,'Earth curves'!$E$2:$E$46,1),1)))))) | Z3: =(MIN(X3/Config!$B$9,1)+MIN(Y3/Config!$B$10,1))/2 | AA3: =ROUND(MIN(22,MAX(3,X3*W3/Z3)),1) | AC3: =IF(AB3="",AA3,AB3) | AD3: =ROUND(MIN(Config!$B$10,MAX(1,Y3*W3/Z3)),1) | AF3: =IF(AE3="",AD3,AE3) | AG3: =(V3-Config!$B$7)/(Config!$B$8-Config!$B$7) | AH3: =(MIN(AC3/Config!$B$9,1)+MIN(AF3/Config!$B$10,1))/2 | AI3: =ROUND((AG3*AH3*G3)^(1/3),3) | AJ3: 0.89 | AK3: =AI3-AJ3 | AL3: =AK3-AVERAGE($AK$2:$AK$173) | AM3: =IF(ABS(AL3)>Config!$B$11,"REVIEW","") | AN3: =RANK(AI3,$AI$2:$AI$173) | AO3: =RANK(AJ3,$AJ$2:$AJ$173) | AP3: 3
A4: Aetintio | B4: Atirha | C4: — | D4: 58095 | E4: =D4*Config!$B$4 | F4: =LN(MAX(60,E4)) | G4: =MEDIAN(0,(F4-LN(Config!$B$5))/(LN(Config!$B$6)-LN(Config!$B$5)),1) | H4: =MOD((Config!$B$2+$AP4*7919)*9301+49297,233280)/233280 | I4: =MOD((Config!$B$2+$AP4*104729)*4096+150889,714025)/714025 | J4: =MOD((Config!$B$2*31+$AP4*15485863)*1366+150889,714025)/714025 | M4: =COUNTIF(Siblings!$A$2:$A$84,B4) | N4: =1+INT(J4*M4) | O4: =IF(K4<>"",K4,IFERROR(INDEX(Siblings!$D$2:$D$84,MATCH(B4&"|"&N4,Siblings!$F$2:$F$84,0)),0)) | P4: =IF(L4<>"",L4,IFERROR(INDEX(Siblings!$E$2:$E$84,MATCH(B4&"|"&N4,Siblings!$F$2:$F$84,0)),0)) | Q4: =(INDEX('Earth curves'!$B$2:$B$46,MAX(1,MIN(44,IFERROR(MATCH(F4,'Earth curves'!$A$2:$A$46,1),1))))+(F4-INDEX('Earth curves'!$A$2:$A$46,MAX(1,MIN(44,IFERROR(MATCH(F4,'Earth curves'!$A$2:$A$46,1),1)))))*(INDEX('Earth curves'!$B$2:$B$46,MAX(1,MIN(44,IFERROR(MATCH(F4,'Earth curves'!$A$2:$A$46,1),1)))+1)-INDEX('Earth curves'!$B$2:$B$46,MAX(1,MIN(44,IFERROR(MATCH(F4,'Earth curves'!$A$2:$A$46,1),1)))))/(INDEX('Earth curves'!$A$2:$A$46,MAX(1,MIN(44,IFERROR(MATCH(F4,'Earth curves'!$A$2:$A$46,1),1)))+1)-INDEX('Earth curves'!$A$2:$A$46,MAX(1,MIN(44,IFERROR(MATCH(F4,'Earth curves'!$A$2:$A$46,1),1)))))) | R4: =(INDEX('Earth curves'!$C$2:$C$46,MAX(1,MIN(44,IFERROR(MATCH(F4,'Earth curves'!$A$2:$A$46,1),1))))+(F4-INDEX('Earth curves'!$A$2:$A$46,MAX(1,MIN(44,IFERROR(MATCH(F4,'Earth curves'!$A$2:$A$46,1),1)))))*(INDEX('Earth curves'!$C$2:$C$46,MAX(1,MIN(44,IFERROR(MATCH(F4,'Earth curves'!$A$2:$A$46,1),1)))+1)-INDEX('Earth curves'!$C$2:$C$46,MAX(1,MIN(44,IFERROR(MATCH(F4,'Earth curves'!$A$2:$A$46,1),1)))))/(INDEX('Earth curves'!$A$2:$A$46,MAX(1,MIN(44,IFERROR(MATCH(F4,'Earth curves'!$A$2:$A$46,1),1)))+1)-INDEX('Earth curves'!$A$2:$A$46,MAX(1,MIN(44,IFERROR(MATCH(F4,'Earth curves'!$A$2:$A$46,1),1)))))) | S4: =MEDIAN(0.307692,Q4+MEDIAN(-0.350583,O4+NORMSINV(H4)*0.064828*Config!$B$3,0.120277),0.993846) | T4: =ROUND(Config!$B$7+(Config!$B$8-Config!$B$7)*S4,1) | V4: =IF(U4="",T4,U4) | W4: =MEDIAN(0.05,R4+MEDIAN(-0.302219,P4+NORMSINV(I4)*0.089531*Config!$B$3,0.274961),0.999) | X4: =(INDEX('Earth curves'!$F$2:$F$46,MAX(1,MIN(44,IFERROR(MATCH(W4,'Earth curves'!$E$2:$E$46,1),1))))+(W4-INDEX('Earth curves'!$E$2:$E$46,MAX(1,MIN(44,IFERROR(MATCH(W4,'Earth curves'!$E$2:$E$46,1),1)))))*(INDEX('Earth curves'!$F$2:$F$46,MAX(1,MIN(44,IFERROR(MATCH(W4,'Earth curves'!$E$2:$E$46,1),1)))+1)-INDEX('Earth curves'!$F$2:$F$46,MAX(1,MIN(44,IFERROR(MATCH(W4,'Earth curves'!$E$2:$E$46,1),1)))))/(INDEX('Earth curves'!$E$2:$E$46,MAX(1,MIN(44,IFERROR(MATCH(W4,'Earth curves'!$E$2:$E$46,1),1)))+1)-INDEX('Earth curves'!$E$2:$E$46,MAX(1,MIN(44,IFERROR(MATCH(W4,'Earth curves'!$E$2:$E$46,1),1)))))) | Y4: =(INDEX('Earth curves'!$G$2:$G$46,MAX(1,MIN(44,IFERROR(MATCH(W4,'Earth curves'!$E$2:$E$46,1),1))))+(W4-INDEX('Earth curves'!$E$2:$E$46,MAX(1,MIN(44,IFERROR(MATCH(W4,'Earth curves'!$E$2:$E$46,1),1)))))*(INDEX('Earth curves'!$G$2:$G$46,MAX(1,MIN(44,IFERROR(MATCH(W4,'Earth curves'!$E$2:$E$46,1),1)))+1)-INDEX('Earth curves'!$G$2:$G$46,MAX(1,MIN(44,IFERROR(MATCH(W4,'Earth curves'!$E$2:$E$46,1),1)))))/(INDEX('Earth curves'!$E$2:$E$46,MAX(1,MIN(44,IFERROR(MATCH(W4,'Earth curves'!$E$2:$E$46,1),1)))+1)-INDEX('Earth curves'!$E$2:$E$46,MAX(1,MIN(44,IFERROR(MATCH(W4,'Earth curves'!$E$2:$E$46,1),1)))))) | Z4: =(MIN(X4/Config!$B$9,1)+MIN(Y4/Config!$B$10,1))/2 | AA4: =ROUND(MIN(22,MAX(3,X4*W4/Z4)),1) | AC4: =IF(AB4="",AA4,AB4) | AD4: =ROUND(MIN(Config!$B$10,MAX(1,Y4*W4/Z4)),1) | AF4: =IF(AE4="",AD4,AE4) | AG4: =(V4-Config!$B$7)/(Config!$B$8-Config!$B$7) | AH4: =(MIN(AC4/Config!$B$9,1)+MIN(AF4/Config!$B$10,1))/2 | AI4: =ROUND((AG4*AH4*G4)^(1/3),3) | AJ4: 0.815 | AK4: =AI4-AJ4 | AL4: =AK4-AVERAGE($AK$2:$AK$173) | AM4: =IF(ABS(AL4)>Config!$B$11,"REVIEW","") | AN4: =RANK(AI4,$AI$2:$AI$173) | AO4: =RANK(AJ4,$AJ$2:$AJ$173) | AP4: 4
A5: Ahokini | B5: Quia | C5: petro | D5: 185397 | E5: =D5*Config!$B$4 | F5: =LN(MAX(60,E5)) | G5: =MEDIAN(0,(F5-LN(Config!$B$5))/(LN(Config!$B$6)-LN(Config!$B$5)),1) | H5: =MOD((Config!$B$2+$AP5*7919)*9301+49297,233280)/233280 | I5: =MOD((Config!$B$2+$AP5*104729)*4096+150889,714025)/714025 | J5: =MOD((Config!$B$2*31+$AP5*15485863)*1366+150889,714025)/714025 | K5: 0.048663 | L5: 0.038869 | M5: =COUNTIF(Siblings!$A$2:$A$84,B5) | N5: =1+INT(J5*M5) | O5: =IF(K5<>"",K5,IFERROR(INDEX(Siblings!$D$2:$D$84,MATCH(B5&"|"&N5,Siblings!$F$2:$F$84,0)),0)) | P5: =IF(L5<>"",L5,IFERROR(INDEX(Siblings!$E$2:$E$84,MATCH(B5&"|"&N5,Siblings!$F$2:$F$84,0)),0)) | Q5: =(INDEX('Earth curves'!$B$2:$B$46,MAX(1,MIN(44,IFERROR(MATCH(F5,'Earth curves'!$A$2:$A$46,1),1))))+(F5-INDEX('Earth curves'!$A$2:$A$46,MAX(1,MIN(44,IFERROR(MATCH(F5,'Earth curves'!$A$2:$A$46,1),1)))))*(INDEX('Earth curves'!$B$2:$B$46,MAX(1,MIN(44,IFERROR(MATCH(F5,'Earth curves'!$A$2:$A$46,1),1)))+1)-INDEX('Earth curves'!$B$2:$B$46,MAX(1,MIN(44,IFERROR(MATCH(F5,'Earth curves'!$A$2:$A$46,1),1)))))/(INDEX('Earth curves'!$A$2:$A$46,MAX(1,MIN(44,IFERROR(MATCH(F5,'Earth curves'!$A$2:$A$46,1),1)))+1)-INDEX('Earth curves'!$A$2:$A$46,MAX(1,MIN(44,IFERROR(MATCH(F5,'Earth curves'!$A$2:$A$46,1),1)))))) | R5: =(INDEX('Earth curves'!$C$2:$C$46,MAX(1,MIN(44,IFERROR(MATCH(F5,'Earth curves'!$A$2:$A$46,1),1))))+(F5-INDEX('Earth curves'!$A$2:$A$46,MAX(1,MIN(44,IFERROR(MATCH(F5,'Earth curves'!$A$2:$A$46,1),1)))))*(INDEX('Earth curves'!$C$2:$C$46,MAX(1,MIN(44,IFERROR(MATCH(F5,'Earth curves'!$A$2:$A$46,1),1)))+1)-INDEX('Earth curves'!$C$2:$C$46,MAX(1,MIN(44,IFERROR(MATCH(F5,'Earth curves'!$A$2:$A$46,1),1)))))/(INDEX('Earth curves'!$A$2:$A$46,MAX(1,MIN(44,IFERROR(MATCH(F5,'Earth curves'!$A$2:$A$46,1),1)))+1)-INDEX('Earth curves'!$A$2:$A$46,MAX(1,MIN(44,IFERROR(MATCH(F5,'Earth curves'!$A$2:$A$46,1),1)))))) | S5: =MEDIAN(0.307692,Q5+MEDIAN(-0.350583,O5+NORMSINV(H5)*0.064828*Config!$B$3,0.120277),0.993846) | T5: =ROUND(Config!$B$7+(Config!$B$8-Config!$B$7)*S5,1) | V5: =IF(U5="",T5,U5) | W5: =MEDIAN(0.05,R5+MEDIAN(-0.302219,P5+NORMSINV(I5)*0.089531*Config!$B$3,0.274961),0.999) | X5: =(INDEX('Earth curves'!$F$2:$F$46,MAX(1,MIN(44,IFERROR(MATCH(W5,'Earth curves'!$E$2:$E$46,1),1))))+(W5-INDEX('Earth curves'!$E$2:$E$46,MAX(1,MIN(44,IFERROR(MATCH(W5,'Earth curves'!$E$2:$E$46,1),1)))))*(INDEX('Earth curves'!$F$2:$F$46,MAX(1,MIN(44,IFERROR(MATCH(W5,'Earth curves'!$E$2:$E$46,1),1)))+1)-INDEX('Earth curves'!$F$2:$F$46,MAX(1,MIN(44,IFERROR(MATCH(W5,'Earth curves'!$E$2:$E$46,1),1)))))/(INDEX('Earth curves'!$E$2:$E$46,MAX(1,MIN(44,IFERROR(MATCH(W5,'Earth curves'!$E$2:$E$46,1),1)))+1)-INDEX('Earth curves'!$E$2:$E$46,MAX(1,MIN(44,IFERROR(MATCH(W5,'Earth curves'!$E$2:$E$46,1),1)))))) | Y5: =(INDEX('Earth curves'!$G$2:$G$46,MAX(1,MIN(44,IFERROR(MATCH(W5,'Earth curves'!$E$2:$E$46,1),1))))+(W5-INDEX('Earth curves'!$E$2:$E$46,MAX(1,MIN(44,IFERROR(MATCH(W5,'Earth curves'!$E$2:$E$46,1),1)))))*(INDEX('Earth curves'!$G$2:$G$46,MAX(1,MIN(44,IFERROR(MATCH(W5,'Earth curves'!$E$2:$E$46,1),1)))+1)-INDEX('Earth curves'!$G$2:$G$46,MAX(1,MIN(44,IFERROR(MATCH(W5,'Earth curves'!$E$2:$E$46,1),1)))))/(INDEX('Earth curves'!$E$2:$E$46,MAX(1,MIN(44,IFERROR(MATCH(W5,'Earth curves'!$E$2:$E$46,1),1)))+1)-INDEX('Earth curves'!$E$2:$E$46,MAX(1,MIN(44,IFERROR(MATCH(W5,'Earth curves'!$E$2:$E$46,1),1)))))) | Z5: =(MIN(X5/Config!$B$9,1)+MIN(Y5/Config!$B$10,1))/2 | AA5: =ROUND(MIN(22,MAX(3,X5*W5/Z5)),1) | AC5: =IF(AB5="",AA5,AB5) | AD5: =ROUND(MIN(Config!$B$10,MAX(1,Y5*W5/Z5)),1) | AF5: =IF(AE5="",AD5,AE5) | AG5: =(V5-Config!$B$7)/(Config!$B$8-Config!$B$7) | AH5: =(MIN(AC5/Config!$B$9,1)+MIN(AF5/Config!$B$10,1))/2 | AI5: =ROUND((AG5*AH5*G5)^(1/3),3) | AJ5: 0.88 | AK5: =AI5-AJ5 | AL5: =AK5-AVERAGE($AK$2:$AK$173) | AM5: =IF(ABS(AL5)>Config!$B$11,"REVIEW","") | AN5: =RANK(AI5,$AI$2:$AI$173) | AO5: =RANK(AJ5,$AJ$2:$AJ$173) | AP5: 5
A6: Amcha | B6: Mahea | C6: militarised, resource | D6: 15333 | E6: =D6*Config!$B$4 | F6: =LN(MAX(60,E6)) | G6: =MEDIAN(0,(F6-LN(Config!$B$5))/(LN(Config!$B$6)-LN(Config!$B$5)),1) | H6: =MOD((Config!$B$2+$AP6*7919)*9301+49297,233280)/233280 | I6: =MOD((Config!$B$2+$AP6*104729)*4096+150889,714025)/714025 | J6: =MOD((Config!$B$2*31+$AP6*15485863)*1366+150889,714025)/714025 | M6: =COUNTIF(Siblings!$A$2:$A$84,B6) | N6: =1+INT(J6*M6) | O6: =IF(K6<>"",K6,IFERROR(INDEX(Siblings!$D$2:$D$84,MATCH(B6&"|"&N6,Siblings!$F$2:$F$84,0)),0)) | P6: =IF(L6<>"",L6,IFERROR(INDEX(Siblings!$E$2:$E$84,MATCH(B6&"|"&N6,Siblings!$F$2:$F$84,0)),0)) | Q6: =(INDEX('Earth curves'!$B$2:$B$46,MAX(1,MIN(44,IFERROR(MATCH(F6,'Earth curves'!$A$2:$A$46,1),1))))+(F6-INDEX('Earth curves'!$A$2:$A$46,MAX(1,MIN(44,IFERROR(MATCH(F6,'Earth curves'!$A$2:$A$46,1),1)))))*(INDEX('Earth curves'!$B$2:$B$46,MAX(1,MIN(44,IFERROR(MATCH(F6,'Earth curves'!$A$2:$A$46,1),1)))+1)-INDEX('Earth curves'!$B$2:$B$46,MAX(1,MIN(44,IFERROR(MATCH(F6,'Earth curves'!$A$2:$A$46,1),1)))))/(INDEX('Earth curves'!$A$2:$A$46,MAX(1,MIN(44,IFERROR(MATCH(F6,'Earth curves'!$A$2:$A$46,1),1)))+1)-INDEX('Earth curves'!$A$2:$A$46,MAX(1,MIN(44,IFERROR(MATCH(F6,'Earth curves'!$A$2:$A$46,1),1)))))) | R6: =(INDEX('Earth curves'!$C$2:$C$46,MAX(1,MIN(44,IFERROR(MATCH(F6,'Earth curves'!$A$2:$A$46,1),1))))+(F6-INDEX('Earth curves'!$A$2:$A$46,MAX(1,MIN(44,IFERROR(MATCH(F6,'Earth curves'!$A$2:$A$46,1),1)))))*(INDEX('Earth curves'!$C$2:$C$46,MAX(1,MIN(44,IFERROR(MATCH(F6,'Earth curves'!$A$2:$A$46,1),1)))+1)-INDEX('Earth curves'!$C$2:$C$46,MAX(1,MIN(44,IFERROR(MATCH(F6,'Earth curves'!$A$2:$A$46,1),1)))))/(INDEX('Earth curves'!$A$2:$A$46,MAX(1,MIN(44,IFERROR(MATCH(F6,'Earth curves'!$A$2:$A$46,1),1)))+1)-INDEX('Earth curves'!$A$2:$A$46,MAX(1,MIN(44,IFERROR(MATCH(F6,'Earth curves'!$A$2:$A$46,1),1)))))) | S6: =MEDIAN(0.307692,Q6+MEDIAN(-0.350583,O6+NORMSINV(H6)*0.064828*Config!$B$3,0.120277),0.993846) | T6: =ROUND(Config!$B$7+(Config!$B$8-Config!$B$7)*S6,1) | V6: =IF(U6="",T6,U6) | W6: =MEDIAN(0.05,R6+MEDIAN(-0.302219,P6+NORMSINV(I6)*0.089531*Config!$B$3,0.274961),0.999) | X6: =(INDEX('Earth curves'!$F$2:$F$46,MAX(1,MIN(44,IFERROR(MATCH(W6,'Earth curves'!$E$2:$E$46,1),1))))+(W6-INDEX('Earth curves'!$E$2:$E$46,MAX(1,MIN(44,IFERROR(MATCH(W6,'Earth curves'!$E$2:$E$46,1),1)))))*(INDEX('Earth curves'!$F$2:$F$46,MAX(1,MIN(44,IFERROR(MATCH(W6,'Earth curves'!$E$2:$E$46,1),1)))+1)-INDEX('Earth curves'!$F$2:$F$46,MAX(1,MIN(44,IFERROR(MATCH(W6,'Earth curves'!$E$2:$E$46,1),1)))))/(INDEX('Earth curves'!$E$2:$E$46,MAX(1,MIN(44,IFERROR(MATCH(W6,'Earth curves'!$E$2:$E$46,1),1)))+1)-INDEX('Earth curves'!$E$2:$E$46,MAX(1,MIN(44,IFERROR(MATCH(W6,'Earth curves'!$E$2:$E$46,1),1)))))) | Y6: =(INDEX('Earth curves'!$G$2:$G$46,MAX(1,MIN(44,IFERROR(MATCH(W6,'Earth curves'!$E$2:$E$46,1),1))))+(W6-INDEX('Earth curves'!$E$2:$E$46,MAX(1,MIN(44,IFERROR(MATCH(W6,'Earth curves'!$E$2:$E$46,1),1)))))*(INDEX('Earth curves'!$G$2:$G$46,MAX(1,MIN(44,IFERROR(MATCH(W6,'Earth curves'!$E$2:$E$46,1),1)))+1)-INDEX('Earth curves'!$G$2:$G$46,MAX(1,MIN(44,IFERROR(MATCH(W6,'Earth curves'!$E$2:$E$46,1),1)))))/(INDEX('Earth curves'!$E$2:$E$46,MAX(1,MIN(44,IFERROR(MATCH(W6,'Earth curves'!$E$2:$E$46,1),1)))+1)-INDEX('Earth curves'!$E$2:$E$46,MAX(1,MIN(44,IFERROR(MATCH(W6,'Earth curves'!$E$2:$E$46,1),1)))))) | Z6: =(MIN(X6/Config!$B$9,1)+MIN(Y6/Config!$B$10,1))/2 | AA6: =ROUND(MIN(22,MAX(3,X6*W6/Z6)),1) | AC6: =IF(AB6="",AA6,AB6) | AD6: =ROUND(MIN(Config!$B$10,MAX(1,Y6*W6/Z6)),1) | AF6: =IF(AE6="",AD6,AE6) | AG6: =(V6-Config!$B$7)/(Config!$B$8-Config!$B$7) | AH6: =(MIN(AC6/Config!$B$9,1)+MIN(AF6/Config!$B$10,1))/2 | AI6: =ROUND((AG6*AH6*G6)^(1/3),3) | AJ6: 0.688 | AK6: =AI6-AJ6 | AL6: =AK6-AVERAGE($AK$2:$AK$173) | AM6: =IF(ABS(AL6)>Config!$B$11,"REVIEW","") | AN6: =RANK(AI6,$AI$2:$AI$173) | AO6: =RANK(AJ6,$AJ$2:$AJ$173) | AP6: 6
A7: Andsaudare | B7: New Ayre | C7: militarised, resource | D7: 48889 | E7: =D7*Config!$B$4 | F7: =LN(MAX(60,E7)) | G7: =MEDIAN(0,(F7-LN(Config!$B$5))/(LN(Config!$B$6)-LN(Config!$B$5)),1) | H7: =MOD((Config!$B$2+$AP7*7919)*9301+49297,233280)/233280 | I7: =MOD((Config!$B$2+$AP7*104729)*4096+150889,714025)/714025 | J7: =MOD((Config!$B$2*31+$AP7*15485863)*1366+150889,714025)/714025 | M7: =COUNTIF(Siblings!$A$2:$A$84,B7) | N7: =1+INT(J7*M7) | O7: =IF(K7<>"",K7,IFERROR(INDEX(Siblings!$D$2:$D$84,MATCH(B7&"|"&N7,Siblings!$F$2:$F$84,0)),0)) | P7: =IF(L7<>"",L7,IFERROR(INDEX(Siblings!$E$2:$E$84,MATCH(B7&"|"&N7,Siblings!$F$2:$F$84,0)),0)) | Q7: =(INDEX('Earth curves'!$B$2:$B$46,MAX(1,MIN(44,IFERROR(MATCH(F7,'Earth curves'!$A$2:$A$46,1),1))))+(F7-INDEX('Earth curves'!$A$2:$A$46,MAX(1,MIN(44,IFERROR(MATCH(F7,'Earth curves'!$A$2:$A$46,1),1)))))*(INDEX('Earth curves'!$B$2:$B$46,MAX(1,MIN(44,IFERROR(MATCH(F7,'Earth curves'!$A$2:$A$46,1),1)))+1)-INDEX('Earth curves'!$B$2:$B$46,MAX(1,MIN(44,IFERROR(MATCH(F7,'Earth curves'!$A$2:$A$46,1),1)))))/(INDEX('Earth curves'!$A$2:$A$46,MAX(1,MIN(44,IFERROR(MATCH(F7,'Earth curves'!$A$2:$A$46,1),1)))+1)-INDEX('Earth curves'!$A$2:$A$46,MAX(1,MIN(44,IFERROR(MATCH(F7,'Earth curves'!$A$2:$A$46,1),1)))))) | R7: =(INDEX('Earth curves'!$C$2:$C$46,MAX(1,MIN(44,IFERROR(MATCH(F7,'Earth curves'!$A$2:$A$46,1),1))))+(F7-INDEX('Earth curves'!$A$2:$A$46,MAX(1,MIN(44,IFERROR(MATCH(F7,'Earth curves'!$A$2:$A$46,1),1)))))*(INDEX('Earth curves'!$C$2:$C$46,MAX(1,MIN(44,IFERROR(MATCH(F7,'Earth curves'!$A$2:$A$46,1),1)))+1)-INDEX('Earth curves'!$C$2:$C$46,MAX(1,MIN(44,IFERROR(MATCH(F7,'Earth curves'!$A$2:$A$46,1),1)))))/(INDEX('Earth curves'!$A$2:$A$46,MAX(1,MIN(44,IFERROR(MATCH(F7,'Earth curves'!$A$2:$A$46,1),1)))+1)-INDEX('Earth curves'!$A$2:$A$46,MAX(1,MIN(44,IFERROR(MATCH(F7,'Earth curves'!$A$2:$A$46,1),1)))))) | S7: =MEDIAN(0.307692,Q7+MEDIAN(-0.350583,O7+NORMSINV(H7)*0.064828*Config!$B$3,0.120277),0.993846) | T7: =ROUND(Config!$B$7+(Config!$B$8-Config!$B$7)*S7,1) | V7: =IF(U7="",T7,U7) | W7: =MEDIAN(0.05,R7+MEDIAN(-0.302219,P7+NORMSINV(I7)*0.089531*Config!$B$3,0.274961),0.999) | X7: =(INDEX('Earth curves'!$F$2:$F$46,MAX(1,MIN(44,IFERROR(MATCH(W7,'Earth curves'!$E$2:$E$46,1),1))))+(W7-INDEX('Earth curves'!$E$2:$E$46,MAX(1,MIN(44,IFERROR(MATCH(W7,'Earth curves'!$E$2:$E$46,1),1)))))*(INDEX('Earth curves'!$F$2:$F$46,MAX(1,MIN(44,IFERROR(MATCH(W7,'Earth curves'!$E$2:$E$46,1),1)))+1)-INDEX('Earth curves'!$F$2:$F$46,MAX(1,MIN(44,IFERROR(MATCH(W7,'Earth curves'!$E$2:$E$46,1),1)))))/(INDEX('Earth curves'!$E$2:$E$46,MAX(1,MIN(44,IFERROR(MATCH(W7,'Earth curves'!$E$2:$E$46,1),1)))+1)-INDEX('Earth curves'!$E$2:$E$46,MAX(1,MIN(44,IFERROR(MATCH(W7,'Earth curves'!$E$2:$E$46,1),1)))))) | Y7: =(INDEX('Earth curves'!$G$2:$G$46,MAX(1,MIN(44,IFERROR(MATCH(W7,'Earth curves'!$E$2:$E$46,1),1))))+(W7-INDEX('Earth curves'!$E$2:$E$46,MAX(1,MIN(44,IFERROR(MATCH(W7,'Earth curves'!$E$2:$E$46,1),1)))))*(INDEX('Earth curves'!$G$2:$G$46,MAX(1,MIN(44,IFERROR(MATCH(W7,'Earth curves'!$E$2:$E$46,1),1)))+1)-INDEX('Earth curves'!$G$2:$G$46,MAX(1,MIN(44,IFERROR(MATCH(W7,'Earth curves'!$E$2:$E$46,1),1)))))/(INDEX('Earth curves'!$E$2:$E$46,MAX(1,MIN(44,IFERROR(MATCH(W7,'Earth curves'!$E$2:$E$46,1),1)))+1)-INDEX('Earth curves'!$E$2:$E$46,MAX(1,MIN(44,IFERROR(MATCH(W7,'Earth curves'!$E$2:$E$46,1),1)))))) | Z7: =(MIN(X7/Config!$B$9,1)+MIN(Y7/Config!$B$10,1))/2 | AA7: =ROUND(MIN(22,MAX(3,X7*W7/Z7)),1) | AC7: =IF(AB7="",AA7,AB7) | AD7: =ROUND(MIN(Config!$B$10,MAX(1,Y7*W7/Z7)),1) | AF7: =IF(AE7="",AD7,AE7) | AG7: =(V7-Config!$B$7)/(Config!$B$8-Config!$B$7) | AH7: =(MIN(AC7/Config!$B$9,1)+MIN(AF7/Config!$B$10,1))/2 | AI7: =ROUND((AG7*AH7*G7)^(1/3),3) | AJ7: 0.803 | AK7: =AI7-AJ7 | AL7: =AK7-AVERAGE($AK$2:$AK$173) | AM7: =IF(ABS(AL7)>Config!$B$11,"REVIEW","") | AN7: =RANK(AI7,$AI$2:$AI$173) | AO7: =RANK(AJ7,$AJ$2:$AJ$173) | AP7: 7
A8: Anymna | B8: Quia | C8: resource | D8: 86032 | E8: =D8*Config!$B$4 | F8: =LN(MAX(60,E8)) | G8: =MEDIAN(0,(F8-LN(Config!$B$5))/(LN(Config!$B$6)-LN(Config!$B$5)),1) | H8: =MOD((Config!$B$2+$AP8*7919)*9301+49297,233280)/233280 | I8: =MOD((Config!$B$2+$AP8*104729)*4096+150889,714025)/714025 | J8: =MOD((Config!$B$2*31+$AP8*15485863)*1366+150889,714025)/714025 | M8: =COUNTIF(Siblings!$A$2:$A$84,B8) | N8: =1+INT(J8*M8) | O8: =IF(K8<>"",K8,IFERROR(INDEX(Siblings!$D$2:$D$84,MATCH(B8&"|"&N8,Siblings!$F$2:$F$84,0)),0)) | P8: =IF(L8<>"",L8,IFERROR(INDEX(Siblings!$E$2:$E$84,MATCH(B8&"|"&N8,Siblings!$F$2:$F$84,0)),0)) | Q8: =(INDEX('Earth curves'!$B$2:$B$46,MAX(1,MIN(44,IFERROR(MATCH(F8,'Earth curves'!$A$2:$A$46,1),1))))+(F8-INDEX('Earth curves'!$A$2:$A$46,MAX(1,MIN(44,IFERROR(MATCH(F8,'Earth curves'!$A$2:$A$46,1),1)))))*(INDEX('Earth curves'!$B$2:$B$46,MAX(1,MIN(44,IFERROR(MATCH(F8,'Earth curves'!$A$2:$A$46,1),1)))+1)-INDEX('Earth curves'!$B$2:$B$46,MAX(1,MIN(44,IFERROR(MATCH(F8,'Earth curves'!$A$2:$A$46,1),1)))))/(INDEX('Earth curves'!$A$2:$A$46,MAX(1,MIN(44,IFERROR(MATCH(F8,'Earth curves'!$A$2:$A$46,1),1)))+1)-INDEX('Earth curves'!$A$2:$A$46,MAX(1,MIN(44,IFERROR(MATCH(F8,'Earth curves'!$A$2:$A$46,1),1)))))) | R8: =(INDEX('Earth curves'!$C$2:$C$46,MAX(1,MIN(44,IFERROR(MATCH(F8,'Earth curves'!$A$2:$A$46,1),1))))+(F8-INDEX('Earth curves'!$A$2:$A$46,MAX(1,MIN(44,IFERROR(MATCH(F8,'Earth curves'!$A$2:$A$46,1),1)))))*(INDEX('Earth curves'!$C$2:$C$46,MAX(1,MIN(44,IFERROR(MATCH(F8,'Earth curves'!$A$2:$A$46,1),1)))+1)-INDEX('Earth curves'!$C$2:$C$46,MAX(1,MIN(44,IFERROR(MATCH(F8,'Earth curves'!$A$2:$A$46,1),1)))))/(INDEX('Earth curves'!$A$2:$A$46,MAX(1,MIN(44,IFERROR(MATCH(F8,'Earth curves'!$A$2:$A$46,1),1)))+1)-INDEX('Earth curves'!$A$2:$A$46,MAX(1,MIN(44,IFERROR(MATCH(F8,'Earth curves'!$A$2:$A$46,1),1)))))) | S8: =MEDIAN(0.307692,Q8+MEDIAN(-0.350583,O8+NORMSINV(H8)*0.064828*Config!$B$3,0.120277),0.993846) | T8: =ROUND(Config!$B$7+(Config!$B$8-Config!$B$7)*S8,1) | V8: =IF(U8="",T8,U8) | W8: =MEDIAN(0.05,R8+MEDIAN(-0.302219,P8+NORMSINV(I8)*0.089531*Config!$B$3,0.274961),0.999) | X8: =(INDEX('Earth curves'!$F$2:$F$46,MAX(1,MIN(44,IFERROR(MATCH(W8,'Earth curves'!$E$2:$E$46,1),1))))+(W8-INDEX('Earth curves'!$E$2:$E$46,MAX(1,MIN(44,IFERROR(MATCH(W8,'Earth curves'!$E$2:$E$46,1),1)))))*(INDEX('Earth curves'!$F$2:$F$46,MAX(1,MIN(44,IFERROR(MATCH(W8,'Earth curves'!$E$2:$E$46,1),1)))+1)-INDEX('Earth curves'!$F$2:$F$46,MAX(1,MIN(44,IFERROR(MATCH(W8,'Earth curves'!$E$2:$E$46,1),1)))))/(INDEX('Earth curves'!$E$2:$E$46,MAX(1,MIN(44,IFERROR(MATCH(W8,'Earth curves'!$E$2:$E$46,1),1)))+1)-INDEX('Earth curves'!$E$2:$E$46,MAX(1,MIN(44,IFERROR(MATCH(W8,'Earth curves'!$E$2:$E$46,1),1)))))) | Y8: =(INDEX('Earth curves'!$G$2:$G$46,MAX(1,MIN(44,IFERROR(MATCH(W8,'Earth curves'!$E$2:$E$46,1),1))))+(W8-INDEX('Earth curves'!$E$2:$E$46,MAX(1,MIN(44,IFERROR(MATCH(W8,'Earth curves'!$E$2:$E$46,1),1)))))*(INDEX('Earth curves'!$G$2:$G$46,MAX(1,MIN(44,IFERROR(MATCH(W8,'Earth curves'!$E$2:$E$46,1),1)))+1)-INDEX('Earth curves'!$G$2:$G$46,MAX(1,MIN(44,IFERROR(MATCH(W8,'Earth curves'!$E$2:$E$46,1),1)))))/(INDEX('Earth curves'!$E$2:$E$46,MAX(1,MIN(44,IFERROR(MATCH(W8,'Earth curves'!$E$2:$E$46,1),1)))+1)-INDEX('Earth curves'!$E$2:$E$46,MAX(1,MIN(44,IFERROR(MATCH(W8,'Earth curves'!$E$2:$E$46,1),1)))))) | Z8: =(MIN(X8/Config!$B$9,1)+MIN(Y8/Config!$B$10,1))/2 | AA8: =ROUND(MIN(22,MAX(3,X8*W8/Z8)),1) | AC8: =IF(AB8="",AA8,AB8) | AD8: =ROUND(MIN(Config!$B$10,MAX(1,Y8*W8/Z8)),1) | AF8: =IF(AE8="",AD8,AE8) | AG8: =(V8-Config!$B$7)/(Config!$B$8-Config!$B$7) | AH8: =(MIN(AC8/Config!$B$9,1)+MIN(AF8/Config!$B$10,1))/2 | AI8: =ROUND((AG8*AH8*G8)^(1/3),3) | AJ8: 0.79 | AK8: =AI8-AJ8 | AL8: =AK8-AVERAGE($AK$2:$AK$173) | AM8: =IF(ABS(AL8)>Config!$B$11,"REVIEW","") | AN8: =RANK(AI8,$AI$2:$AI$173) | AO8: =RANK(AJ8,$AJ$2:$AJ$173) | AP8: 8
A9: Aplasia | B9: New Ayre | C9: — | D9: 151746 | E9: =D9*Config!$B$4 | F9: =LN(MAX(60,E9)) | G9: =MEDIAN(0,(F9-LN(Config!$B$5))/(LN(Config!$B$6)-LN(Config!$B$5)),1) | H9: =MOD((Config!$B$2+$AP9*7919)*9301+49297,233280)/233280 | I9: =MOD((Config!$B$2+$AP9*104729)*4096+150889,714025)/714025 | J9: =MOD((Config!$B$2*31+$AP9*15485863)*1366+150889,714025)/714025 | M9: =COUNTIF(Siblings!$A$2:$A$84,B9) | N9: =1+INT(J9*M9) | O9: =IF(K9<>"",K9,IFERROR(INDEX(Siblings!$D$2:$D$84,MATCH(B9&"|"&N9,Siblings!$F$2:$F$84,0)),0)) | P9: =IF(L9<>"",L9,IFERROR(INDEX(Siblings!$E$2:$E$84,MATCH(B9&"|"&N9,Siblings!$F$2:$F$84,0)),0)) | Q9: =(INDEX('Earth curves'!$B$2:$B$46,MAX(1,MIN(44,IFERROR(MATCH(F9,'Earth curves'!$A$2:$A$46,1),1))))+(F9-INDEX('Earth curves'!$A$2:$A$46,MAX(1,MIN(44,IFERROR(MATCH(F9,'Earth curves'!$A$2:$A$46,1),1)))))*(INDEX('Earth curves'!$B$2:$B$46,MAX(1,MIN(44,IFERROR(MATCH(F9,'Earth curves'!$A$2:$A$46,1),1)))+1)-INDEX('Earth curves'!$B$2:$B$46,MAX(1,MIN(44,IFERROR(MATCH(F9,'Earth curves'!$A$2:$A$46,1),1)))))/(INDEX('Earth curves'!$A$2:$A$46,MAX(1,MIN(44,IFERROR(MATCH(F9,'Earth curves'!$A$2:$A$46,1),1)))+1)-INDEX('Earth curves'!$A$2:$A$46,MAX(1,MIN(44,IFERROR(MATCH(F9,'Earth curves'!$A$2:$A$46,1),1)))))) | R9: =(INDEX('Earth curves'!$C$2:$C$46,MAX(1,MIN(44,IFERROR(MATCH(F9,'Earth curves'!$A$2:$A$46,1),1))))+(F9-INDEX('Earth curves'!$A$2:$A$46,MAX(1,MIN(44,IFERROR(MATCH(F9,'Earth curves'!$A$2:$A$46,1),1)))))*(INDEX('Earth curves'!$C$2:$C$46,MAX(1,MIN(44,IFERROR(MATCH(F9,'Earth curves'!$A$2:$A$46,1),1)))+1)-INDEX('Earth curves'!$C$2:$C$46,MAX(1,MIN(44,IFERROR(MATCH(F9,'Earth curves'!$A$2:$A$46,1),1)))))/(INDEX('Earth curves'!$A$2:$A$46,MAX(1,MIN(44,IFERROR(MATCH(F9,'Earth curves'!$A$2:$A$46,1),1)))+1)-INDEX('Earth curves'!$A$2:$A$46,MAX(1,MIN(44,IFERROR(MATCH(F9,'Earth curves'!$A$2:$A$46,1),1)))))) | S9: =MEDIAN(0.307692,Q9+MEDIAN(-0.350583,O9+NORMSINV(H9)*0.064828*Config!$B$3,0.120277),0.993846) | T9: =ROUND(Config!$B$7+(Config!$B$8-Config!$B$7)*S9,1) | V9: =IF(U9="",T9,U9) | W9: =MEDIAN(0.05,R9+MEDIAN(-0.302219,P9+NORMSINV(I9)*0.089531*Config!$B$3,0.274961),0.999) | X9: =(INDEX('Earth curves'!$F$2:$F$46,MAX(1,MIN(44,IFERROR(MATCH(W9,'Earth curves'!$E$2:$E$46,1),1))))+(W9-INDEX('Earth curves'!$E$2:$E$46,MAX(1,MIN(44,IFERROR(MATCH(W9,'Earth curves'!$E$2:$E$46,1),1)))))*(INDEX('Earth curves'!$F$2:$F$46,MAX(1,MIN(44,IFERROR(MATCH(W9,'Earth curves'!$E$2:$E$46,1),1)))+1)-INDEX('Earth curves'!$F$2:$F$46,MAX(1,MIN(44,IFERROR(MATCH(W9,'Earth curves'!$E$2:$E$46,1),1)))))/(INDEX('Earth curves'!$E$2:$E$46,MAX(1,MIN(44,IFERROR(MATCH(W9,'Earth curves'!$E$2:$E$46,1),1)))+1)-INDEX('Earth curves'!$E$2:$E$46,MAX(1,MIN(44,IFERROR(MATCH(W9,'Earth curves'!$E$2:$E$46,1),1)))))) | Y9: =(INDEX('Earth curves'!$G$2:$G$46,MAX(1,MIN(44,IFERROR(MATCH(W9,'Earth curves'!$E$2:$E$46,1),1))))+(W9-INDEX('Earth curves'!$E$2:$E$46,MAX(1,MIN(44,IFERROR(MATCH(W9,'Earth curves'!$E$2:$E$46,1),1)))))*(INDEX('Earth curves'!$G$2:$G$46,MAX(1,MIN(44,IFERROR(MATCH(W9,'Earth curves'!$E$2:$E$46,1),1)))+1)-INDEX('Earth curves'!$G$2:$G$46,MAX(1,MIN(44,IFERROR(MATCH(W9,'Earth curves'!$E$2:$E$46,1),1)))))/(INDEX('Earth curves'!$E$2:$E$46,MAX(1,MIN(44,IFERROR(MATCH(W9,'Earth curves'!$E$2:$E$46,1),1)))+1)-INDEX('Earth curves'!$E$2:$E$46,MAX(1,MIN(44,IFERROR(MATCH(W9,'Earth curves'!$E$2:$E$46,1),1)))))) | Z9: =(MIN(X9/Config!$B$9,1)+MIN(Y9/Config!$B$10,1))/2 | AA9: =ROUND(MIN(22,MAX(3,X9*W9/Z9)),1) | AC9: =IF(AB9="",AA9,AB9) | AD9: =ROUND(MIN(Config!$B$10,MAX(1,Y9*W9/Z9)),1) | AF9: =IF(AE9="",AD9,AE9) | AG9: =(V9-Config!$B$7)/(Config!$B$8-Config!$B$7) | AH9: =(MIN(AC9/Config!$B$9,1)+MIN(AF9/Config!$B$10,1))/2 | AI9: =ROUND((AG9*AH9*G9)^(1/3),3) | AJ9: 0.763 | AK9: =AI9-AJ9 | AL9: =AK9-AVERAGE($AK$2:$AK$173) | AM9: =IF(ABS(AL9)>Config!$B$11,"REVIEW","") | AN9: =RANK(AI9,$AI$2:$AI$173) | AO9: =RANK(AJ9,$AJ$2:$AJ$173) | AP9: 9
A10: Arbiya | B10: Atirha | C10: resource | D10: 116825 | E10: =D10*Config!$B$4 | F10: =LN(MAX(60,E10)) | G10: =MEDIAN(0,(F10-LN(Config!$B$5))/(LN(Config!$B$6)-LN(Config!$B$5)),1) | H10: =MOD((Config!$B$2+$AP10*7919)*9301+49297,233280)/233280 | I10: =MOD((Config!$B$2+$AP10*104729)*4096+150889,714025)/714025 | J10: =MOD((Config!$B$2*31+$AP10*15485863)*1366+150889,714025)/714025 | K10: -0.043414 | L10: 0.06729 | M10: =COUNTIF(Siblings!$A$2:$A$84,B10) | N10: =1+INT(J10*M10) | O10: =IF(K10<>"",K10,IFERROR(INDEX(Siblings!$D$2:$D$84,MATCH(B10&"|"&N10,Siblings!$F$2:$F$84,0)),0)) | P10: =IF(L10<>"",L10,IFERROR(INDEX(Siblings!$E$2:$E$84,MATCH(B10&"|"&N10,Siblings!$F$2:$F$84,0)),0)) | Q10: =(INDEX('Earth curves'!$B$2:$B$46,MAX(1,MIN(44,IFERROR(MATCH(F10,'Earth curves'!$A$2:$A$46,1),1))))+(F10-INDEX('Earth curves'!$A$2:$A$46,MAX(1,MIN(44,IFERROR(MATCH(F10,'Earth curves'!$A$2:$A$46,1),1)))))*(INDEX('Earth curves'!$B$2:$B$46,MAX(1,MIN(44,IFERROR(MATCH(F10,'Earth curves'!$A$2:$A$46,1),1)))+1)-INDEX('Earth curves'!$B$2:$B$46,MAX(1,MIN(44,IFERROR(MATCH(F10,'Earth curves'!$A$2:$A$46,1),1)))))/(INDEX('Earth curves'!$A$2:$A$46,MAX(1,MIN(44,IFERROR(MATCH(F10,'Earth curves'!$A$2:$A$46,1),1)))+1)-INDEX('Earth curves'!$A$2:$A$46,MAX(1,MIN(44,IFERROR(MATCH(F10,'Earth curves'!$A$2:$A$46,1),1)))))) | R10: =(INDEX('Earth curves'!$C$2:$C$46,MAX(1,MIN(44,IFERROR(MATCH(F10,'Earth curves'!$A$2:$A$46,1),1))))+(F10-INDEX('Earth curves'!$A$2:$A$46,MAX(1,MIN(44,IFERROR(MATCH(F10,'Earth curves'!$A$2:$A$46,1),1)))))*(INDEX('Earth curves'!$C$2:$C$46,MAX(1,MIN(44,IFERROR(MATCH(F10,'Earth curves'!$A$2:$A$46,1),1)))+1)-INDEX('Earth curves'!$C$2:$C$46,MAX(1,MIN(44,IFERROR(MATCH(F10,'Earth curves'!$A$2:$A$46,1),1)))))/(INDEX('Earth curves'!$A$2:$A$46,MAX(1,MIN(44,IFERROR(MATCH(F10,'Earth curves'!$A$2:$A$46,1),1)))+1)-INDEX('Earth curves'!$A$2:$A$46,MAX(1,MIN(44,IFERROR(MATCH(F10,'Earth curves'!$A$2:$A$46,1),1)))))) | S10: =MEDIAN(0.307692,Q10+MEDIAN(-0.350583,O10+NORMSINV(H10)*0.064828*Config!$B$3,0.120277),0.993846) | T10: =ROUND(Config!$B$7+(Config!$B$8-Config!$B$7)*S10,1) | V10: =IF(U10="",T10,U10) | W10: =MEDIAN(0.05,R10+MEDIAN(-0.302219,P10+NORMSINV(I10)*0.089531*Config!$B$3,0.274961),0.999) | X10: =(INDEX('Earth curves'!$F$2:$F$46,MAX(1,MIN(44,IFERROR(MATCH(W10,'Earth curves'!$E$2:$E$46,1),1))))+(W10-INDEX('Earth curves'!$E$2:$E$46,MAX(1,MIN(44,IFERROR(MATCH(W10,'Earth curves'!$E$2:$E$46,1),1)))))*(INDEX('Earth curves'!$F$2:$F$46,MAX(1,MIN(44,IFERROR(MATCH(W10,'Earth curves'!$E$2:$E$46,1),1)))+1)-INDEX('Earth curves'!$F$2:$F$46,MAX(1,MIN(44,IFERROR(MATCH(W10,'Earth curves'!$E$2:$E$46,1),1)))))/(INDEX('Earth curves'!$E$2:$E$46,MAX(1,MIN(44,IFERROR(MATCH(W10,'Earth curves'!$E$2:$E$46,1),1)))+1)-INDEX('Earth curves'!$E$2:$E$46,MAX(1,MIN(44,IFERROR(MATCH(W10,'Earth curves'!$E$2:$E$46,1),1)))))) | Y10: =(INDEX('Earth curves'!$G$2:$G$46,MAX(1,MIN(44,IFERROR(MATCH(W10,'Earth curves'!$E$2:$E$46,1),1))))+(W10-INDEX('Earth curves'!$E$2:$E$46,MAX(1,MIN(44,IFERROR(MATCH(W10,'Earth curves'!$E$2:$E$46,1),1)))))*(INDEX('Earth curves'!$G$2:$G$46,MAX(1,MIN(44,IFERROR(MATCH(W10,'Earth curves'!$E$2:$E$46,1),1)))+1)-INDEX('Earth curves'!$G$2:$G$46,MAX(1,MIN(44,IFERROR(MATCH(W10,'Earth curves'!$E$2:$E$46,1),1)))))/(INDEX('Earth curves'!$E$2:$E$46,MAX(1,MIN(44,IFERROR(MATCH(W10,'Earth curves'!$E$2:$E$46,1),1)))+1)-INDEX('Earth curves'!$E$2:$E$46,MAX(1,MIN(44,IFERROR(MATCH(W10,'Earth curves'!$E$2:$E$46,1),1)))))) | Z10: =(MIN(X10/Config!$B$9,1)+MIN(Y10/Config!$B$10,1))/2 | AA10: =ROUND(MIN(22,MAX(3,X10*W10/Z10)),1) | AC10: =IF(AB10="",AA10,AB10) | AD10: =ROUND(MIN(Config!$B$10,MAX(1,Y10*W10/Z10)),1) | AF10: =IF(AE10="",AD10,AE10) | AG10: =(V10-Config!$B$7)/(Config!$B$8-Config!$B$7) | AH10: =(MIN(AC10/Config!$B$9,1)+MIN(AF10/Config!$B$10,1))/2 | AI10: =ROUND((AG10*AH10*G10)^(1/3),3) | AJ10: 0.862 | AK10: =AI10-AJ10 | AL10: =AK10-AVERAGE($AK$2:$AK$173) | AM10: =IF(ABS(AL10)>Config!$B$11,"REVIEW","") | AN10: =RANK(AI10,$AI$2:$AI$173) | AO10: =RANK(AJ10,$AJ$2:$AJ$173) | AP10: 10
A11: Areoix Lie | B11: Acrola | C11: petro, resource, tradehub, university | D11: 63492 | E11: =D11*Config!$B$4 | F11: =LN(MAX(60,E11)) | G11: =MEDIAN(0,(F11-LN(Config!$B$5))/(LN(Config!$B$6)-LN(Config!$B$5)),1) | H11: =MOD((Config!$B$2+$AP11*7919)*9301+49297,233280)/233280 | I11: =MOD((Config!$B$2+$AP11*104729)*4096+150889,714025)/714025 | J11: =MOD((Config!$B$2*31+$AP11*15485863)*1366+150889,714025)/714025 | M11: =COUNTIF(Siblings!$A$2:$A$84,B11) | N11: =1+INT(J11*M11) | O11: =IF(K11<>"",K11,IFERROR(INDEX(Siblings!$D$2:$D$84,MATCH(B11&"|"&N11,Siblings!$F$2:$F$84,0)),0)) | P11: =IF(L11<>"",L11,IFERROR(INDEX(Siblings!$E$2:$E$84,MATCH(B11&"|"&N11,Siblings!$F$2:$F$84,0)),0)) | Q11: =(INDEX('Earth curves'!$B$2:$B$46,MAX(1,MIN(44,IFERROR(MATCH(F11,'Earth curves'!$A$2:$A$46,1),1))))+(F11-INDEX('Earth curves'!$A$2:$A$46,MAX(1,MIN(44,IFERROR(MATCH(F11,'Earth curves'!$A$2:$A$46,1),1)))))*(INDEX('Earth curves'!$B$2:$B$46,MAX(1,MIN(44,IFERROR(MATCH(F11,'Earth curves'!$A$2:$A$46,1),1)))+1)-INDEX('Earth curves'!$B$2:$B$46,MAX(1,MIN(44,IFERROR(MATCH(F11,'Earth curves'!$A$2:$A$46,1),1)))))/(INDEX('Earth curves'!$A$2:$A$46,MAX(1,MIN(44,IFERROR(MATCH(F11,'Earth curves'!$A$2:$A$46,1),1)))+1)-INDEX('Earth curves'!$A$2:$A$46,MAX(1,MIN(44,IFERROR(MATCH(F11,'Earth curves'!$A$2:$A$46,1),1)))))) | R11: =(INDEX('Earth curves'!$C$2:$C$46,MAX(1,MIN(44,IFERROR(MATCH(F11,'Earth curves'!$A$2:$A$46,1),1))))+(F11-INDEX('Earth curves'!$A$2:$A$46,MAX(1,MIN(44,IFERROR(MATCH(F11,'Earth curves'!$A$2:$A$46,1),1)))))*(INDEX('Earth curves'!$C$2:$C$46,MAX(1,MIN(44,IFERROR(MATCH(F11,'Earth curves'!$A$2:$A$46,1),1)))+1)-INDEX('Earth curves'!$C$2:$C$46,MAX(1,MIN(44,IFERROR(MATCH(F11,'Earth curves'!$A$2:$A$46,1),1)))))/(INDEX('Earth curves'!$A$2:$A$46,MAX(1,MIN(44,IFERROR(MATCH(F11,'Earth curves'!$A$2:$A$46,1),1)))+1)-INDEX('Earth curves'!$A$2:$A$46,MAX(1,MIN(44,IFERROR(MATCH(F11,'Earth curves'!$A$2:$A$46,1),1)))))) | S11: =MEDIAN(0.307692,Q11+MEDIAN(-0.350583,O11+NORMSINV(H11)*0.064828*Config!$B$3,0.120277),0.993846) | T11: =ROUND(Config!$B$7+(Config!$B$8-Config!$B$7)*S11,1) | V11: =IF(U11="",T11,U11) | W11: =MEDIAN(0.05,R11+MEDIAN(-0.302219,P11+NORMSINV(I11)*0.089531*Config!$B$3,0.274961),0.999) | X11: =(INDEX('Earth curves'!$F$2:$F$46,MAX(1,MIN(44,IFERROR(MATCH(W11,'Earth curves'!$E$2:$E$46,1),1))))+(W11-INDEX('Earth curves'!$E$2:$E$46,MAX(1,MIN(44,IFERROR(MATCH(W11,'Earth curves'!$E$2:$E$46,1),1)))))*(INDEX('Earth curves'!$F$2:$F$46,MAX(1,MIN(44,IFERROR(MATCH(W11,'Earth curves'!$E$2:$E$46,1),1)))+1)-INDEX('Earth curves'!$F$2:$F$46,MAX(1,MIN(44,IFERROR(MATCH(W11,'Earth curves'!$E$2:$E$46,1),1)))))/(INDEX('Earth curves'!$E$2:$E$46,MAX(1,MIN(44,IFERROR(MATCH(W11,'Earth curves'!$E$2:$E$46,1),1)))+1)-INDEX('Earth curves'!$E$2:$E$46,MAX(1,MIN(44,IFERROR(MATCH(W11,'Earth curves'!$E$2:$E$46,1),1)))))) | Y11: =(INDEX('Earth curves'!$G$2:$G$46,MAX(1,MIN(44,IFERROR(MATCH(W11,'Earth curves'!$E$2:$E$46,1),1))))+(W11-INDEX('Earth curves'!$E$2:$E$46,MAX(1,MIN(44,IFERROR(MATCH(W11,'Earth curves'!$E$2:$E$46,1),1)))))*(INDEX('Earth curves'!$G$2:$G$46,MAX(1,MIN(44,IFERROR(MATCH(W11,'Earth curves'!$E$2:$E$46,1),1)))+1)-INDEX('Earth curves'!$G$2:$G$46,MAX(1,MIN(44,IFERROR(MATCH(W11,'Earth curves'!$E$2:$E$46,1),1)))))/(INDEX('Earth curves'!$E$2:$E$46,MAX(1,MIN(44,IFERROR(MATCH(W11,'Earth curves'!$E$2:$E$46,1),1)))+1)-INDEX('Earth curves'!$E$2:$E$46,MAX(1,MIN(44,IFERROR(MATCH(W11,'Earth curves'!$E$2:$E$46,1),1)))))) | Z11: =(MIN(X11/Config!$B$9,1)+MIN(Y11/Config!$B$10,1))/2 | AA11: =ROUND(MIN(22,MAX(3,X11*W11/Z11)),1) | AC11: =IF(AB11="",AA11,AB11) | AD11: =ROUND(MIN(Config!$B$10,MAX(1,Y11*W11/Z11)),1) | AF11: =IF(AE11="",AD11,AE11) | AG11: =(V11-Config!$B$7)/(Config!$B$8-Config!$B$7) | AH11: =(MIN(AC11/Config!$B$9,1)+MIN(AF11/Config!$B$10,1))/2 | AI11: =ROUND((AG11*AH11*G11)^(1/3),3) | AJ11: 0.712 | AK11: =AI11-AJ11 | AL11: =AK11-AVERAGE($AK$2:$AK$173) | AM11: =IF(ABS(AL11)>Config!$B$11,"REVIEW","") | AN11: =RANK(AI11,$AI$2:$AI$173) | AO11: =RANK(AJ11,$AJ$2:$AJ$173) | AP11: 11
A12: Ashain | B12: Quia | C12: petro, resource, university | D12: 101905 | E12: =D12*Config!$B$4 | F12: =LN(MAX(60,E12)) | G12: =MEDIAN(0,(F12-LN(Config!$B$5))/(LN(Config!$B$6)-LN(Config!$B$5)),1) | H12: =MOD((Config!$B$2+$AP12*7919)*9301+49297,233280)/233280 | I12: =MOD((Config!$B$2+$AP12*104729)*4096+150889,714025)/714025 | J12: =MOD((Config!$B$2*31+$AP12*15485863)*1366+150889,714025)/714025 | M12: =COUNTIF(Siblings!$A$2:$A$84,B12) | N12: =1+INT(J12*M12) | O12: =IF(K12<>"",K12,IFERROR(INDEX(Siblings!$D$2:$D$84,MATCH(B12&"|"&N12,Siblings!$F$2:$F$84,0)),0)) | P12: =IF(L12<>"",L12,IFERROR(INDEX(Siblings!$E$2:$E$84,MATCH(B12&"|"&N12,Siblings!$F$2:$F$84,0)),0)) | Q12: =(INDEX('Earth curves'!$B$2:$B$46,MAX(1,MIN(44,IFERROR(MATCH(F12,'Earth curves'!$A$2:$A$46,1),1))))+(F12-INDEX('Earth curves'!$A$2:$A$46,MAX(1,MIN(44,IFERROR(MATCH(F12,'Earth curves'!$A$2:$A$46,1),1)))))*(INDEX('Earth curves'!$B$2:$B$46,MAX(1,MIN(44,IFERROR(MATCH(F12,'Earth curves'!$A$2:$A$46,1),1)))+1)-INDEX('Earth curves'!$B$2:$B$46,MAX(1,MIN(44,IFERROR(MATCH(F12,'Earth curves'!$A$2:$A$46,1),1)))))/(INDEX('Earth curves'!$A$2:$A$46,MAX(1,MIN(44,IFERROR(MATCH(F12,'Earth curves'!$A$2:$A$46,1),1)))+1)-INDEX('Earth curves'!$A$2:$A$46,MAX(1,MIN(44,IFERROR(MATCH(F12,'Earth curves'!$A$2:$A$46,1),1)))))) | R12: =(INDEX('Earth curves'!$C$2:$C$46,MAX(1,MIN(44,IFERROR(MATCH(F12,'Earth curves'!$A$2:$A$46,1),1))))+(F12-INDEX('Earth curves'!$A$2:$A$46,MAX(1,MIN(44,IFERROR(MATCH(F12,'Earth curves'!$A$2:$A$46,1),1)))))*(INDEX('Earth curves'!$C$2:$C$46,MAX(1,MIN(44,IFERROR(MATCH(F12,'Earth curves'!$A$2:$A$46,1),1)))+1)-INDEX('Earth curves'!$C$2:$C$46,MAX(1,MIN(44,IFERROR(MATCH(F12,'Earth curves'!$A$2:$A$46,1),1)))))/(INDEX('Earth curves'!$A$2:$A$46,MAX(1,MIN(44,IFERROR(MATCH(F12,'Earth curves'!$A$2:$A$46,1),1)))+1)-INDEX('Earth curves'!$A$2:$A$46,MAX(1,MIN(44,IFERROR(MATCH(F12,'Earth curves'!$A$2:$A$46,1),1)))))) | S12: =MEDIAN(0.307692,Q12+MEDIAN(-0.350583,O12+NORMSINV(H12)*0.064828*Config!$B$3,0.120277),0.993846) | T12: =ROUND(Config!$B$7+(Config!$B$8-Config!$B$7)*S12,1) | V12: =IF(U12="",T12,U12) | W12: =MEDIAN(0.05,R12+MEDIAN(-0.302219,P12+NORMSINV(I12)*0.089531*Config!$B$3,0.274961),0.999) | X12: =(INDEX('Earth curves'!$F$2:$F$46,MAX(1,MIN(44,IFERROR(MATCH(W12,'Earth curves'!$E$2:$E$46,1),1))))+(W12-INDEX('Earth curves'!$E$2:$E$46,MAX(1,MIN(44,IFERROR(MATCH(W12,'Earth curves'!$E$2:$E$46,1),1)))))*(INDEX('Earth curves'!$F$2:$F$46,MAX(1,MIN(44,IFERROR(MATCH(W12,'Earth curves'!$E$2:$E$46,1),1)))+1)-INDEX('Earth curves'!$F$2:$F$46,MAX(1,MIN(44,IFERROR(MATCH(W12,'Earth curves'!$E$2:$E$46,1),1)))))/(INDEX('Earth curves'!$E$2:$E$46,MAX(1,MIN(44,IFERROR(MATCH(W12,'Earth curves'!$E$2:$E$46,1),1)))+1)-INDEX('Earth curves'!$E$2:$E$46,MAX(1,MIN(44,IFERROR(MATCH(W12,'Earth curves'!$E$2:$E$46,1),1)))))) | Y12: =(INDEX('Earth curves'!$G$2:$G$46,MAX(1,MIN(44,IFERROR(MATCH(W12,'Earth curves'!$E$2:$E$46,1),1))))+(W12-INDEX('Earth curves'!$E$2:$E$46,MAX(1,MIN(44,IFERROR(MATCH(W12,'Earth curves'!$E$2:$E$46,1),1)))))*(INDEX('Earth curves'!$G$2:$G$46,MAX(1,MIN(44,IFERROR(MATCH(W12,'Earth curves'!$E$2:$E$46,1),1)))+1)-INDEX('Earth curves'!$G$2:$G$46,MAX(1,MIN(44,IFERROR(MATCH(W12,'Earth curves'!$E$2:$E$46,1),1)))))/(INDEX('Earth curves'!$E$2:$E$46,MAX(1,MIN(44,IFERROR(MATCH(W12,'Earth curves'!$E$2:$E$46,1),1)))+1)-INDEX('Earth curves'!$E$2:$E$46,MAX(1,MIN(44,IFERROR(MATCH(W12,'Earth curves'!$E$2:$E$46,1),1)))))) | Z12: =(MIN(X12/Config!$B$9,1)+MIN(Y12/Config!$B$10,1))/2 | AA12: =ROUND(MIN(22,MAX(3,X12*W12/Z12)),1) | AC12: =IF(AB12="",AA12,AB12) | AD12: =ROUND(MIN(Config!$B$10,MAX(1,Y12*W12/Z12)),1) | AF12: =IF(AE12="",AD12,AE12) | AG12: =(V12-Config!$B$7)/(Config!$B$8-Config!$B$7) | AH12: =(MIN(AC12/Config!$B$9,1)+MIN(AF12/Config!$B$10,1))/2 | AI12: =ROUND((AG12*AH12*G12)^(1/3),3) | AJ12: 0.903 | AK12: =AI12-AJ12 | AL12: =AK12-AVERAGE($AK$2:$AK$173) | AM12: =IF(ABS(AL12)>Config!$B$11,"REVIEW","") | AN12: =RANK(AI12,$AI$2:$AI$173) | AO12: =RANK(AJ12,$AJ$2:$AJ$173) | AP12: 12
A13: Astye | B13: New Ayre | C13: resource | D13: 29556 | E13: =D13*Config!$B$4 | F13: =LN(MAX(60,E13)) | G13: =MEDIAN(0,(F13-LN(Config!$B$5))/(LN(Config!$B$6)-LN(Config!$B$5)),1) | H13: =MOD((Config!$B$2+$AP13*7919)*9301+49297,233280)/233280 | I13: =MOD((Config!$B$2+$AP13*104729)*4096+150889,714025)/714025 | J13: =MOD((Config!$B$2*31+$AP13*15485863)*1366+150889,714025)/714025 | K13: 0.009235 | L13: 0.071316 | M13: =COUNTIF(Siblings!$A$2:$A$84,B13) | N13: =1+INT(J13*M13) | O13: =IF(K13<>"",K13,IFERROR(INDEX(Siblings!$D$2:$D$84,MATCH(B13&"|"&N13,Siblings!$F$2:$F$84,0)),0)) | P13: =IF(L13<>"",L13,IFERROR(INDEX(Siblings!$E$2:$E$84,MATCH(B13&"|"&N13,Siblings!$F$2:$F$84,0)),0)) | Q13: =(INDEX('Earth curves'!$B$2:$B$46,MAX(1,MIN(44,IFERROR(MATCH(F13,'Earth curves'!$A$2:$A$46,1),1))))+(F13-INDEX('Earth curves'!$A$2:$A$46,MAX(1,MIN(44,IFERROR(MATCH(F13,'Earth curves'!$A$2:$A$46,1),1)))))*(INDEX('Earth curves'!$B$2:$B$46,MAX(1,MIN(44,IFERROR(MATCH(F13,'Earth curves'!$A$2:$A$46,1),1)))+1)-INDEX('Earth curves'!$B$2:$B$46,MAX(1,MIN(44,IFERROR(MATCH(F13,'Earth curves'!$A$2:$A$46,1),1)))))/(INDEX('Earth curves'!$A$2:$A$46,MAX(1,MIN(44,IFERROR(MATCH(F13,'Earth curves'!$A$2:$A$46,1),1)))+1)-INDEX('Earth curves'!$A$2:$A$46,MAX(1,MIN(44,IFERROR(MATCH(F13,'Earth curves'!$A$2:$A$46,1),1)))))) | R13: =(INDEX('Earth curves'!$C$2:$C$46,MAX(1,MIN(44,IFERROR(MATCH(F13,'Earth curves'!$A$2:$A$46,1),1))))+(F13-INDEX('Earth curves'!$A$2:$A$46,MAX(1,MIN(44,IFERROR(MATCH(F13,'Earth curves'!$A$2:$A$46,1),1)))))*(INDEX('Earth curves'!$C$2:$C$46,MAX(1,MIN(44,IFERROR(MATCH(F13,'Earth curves'!$A$2:$A$46,1),1)))+1)-INDEX('Earth curves'!$C$2:$C$46,MAX(1,MIN(44,IFERROR(MATCH(F13,'Earth curves'!$A$2:$A$46,1),1)))))/(INDEX('Earth curves'!$A$2:$A$46,MAX(1,MIN(44,IFERROR(MATCH(F13,'Earth curves'!$A$2:$A$46,1),1)))+1)-INDEX('Earth curves'!$A$2:$A$46,MAX(1,MIN(44,IFERROR(MATCH(F13,'Earth curves'!$A$2:$A$46,1),1)))))) | S13: =MEDIAN(0.307692,Q13+MEDIAN(-0.350583,O13+NORMSINV(H13)*0.064828*Config!$B$3,0.120277),0.993846) | T13: =ROUND(Config!$B$7+(Config!$B$8-Config!$B$7)*S13,1) | V13: =IF(U13="",T13,U13) | W13: =MEDIAN(0.05,R13+MEDIAN(-0.302219,P13+NORMSINV(I13)*0.089531*Config!$B$3,0.274961),0.999) | X13: =(INDEX('Earth curves'!$F$2:$F$46,MAX(1,MIN(44,IFERROR(MATCH(W13,'Earth curves'!$E$2:$E$46,1),1))))+(W13-INDEX('Earth curves'!$E$2:$E$46,MAX(1,MIN(44,IFERROR(MATCH(W13,'Earth curves'!$E$2:$E$46,1),1)))))*(INDEX('Earth curves'!$F$2:$F$46,MAX(1,MIN(44,IFERROR(MATCH(W13,'Earth curves'!$E$2:$E$46,1),1)))+1)-INDEX('Earth curves'!$F$2:$F$46,MAX(1,MIN(44,IFERROR(MATCH(W13,'Earth curves'!$E$2:$E$46,1),1)))))/(INDEX('Earth curves'!$E$2:$E$46,MAX(1,MIN(44,IFERROR(MATCH(W13,'Earth curves'!$E$2:$E$46,1),1)))+1)-INDEX('Earth curves'!$E$2:$E$46,MAX(1,MIN(44,IFERROR(MATCH(W13,'Earth curves'!$E$2:$E$46,1),1)))))) | Y13: =(INDEX('Earth curves'!$G$2:$G$46,MAX(1,MIN(44,IFERROR(MATCH(W13,'Earth curves'!$E$2:$E$46,1),1))))+(W13-INDEX('Earth curves'!$E$2:$E$46,MAX(1,MIN(44,IFERROR(MATCH(W13,'Earth curves'!$E$2:$E$46,1),1)))))*(INDEX('Earth curves'!$G$2:$G$46,MAX(1,MIN(44,IFERROR(MATCH(W13,'Earth curves'!$E$2:$E$46,1),1)))+1)-INDEX('Earth curves'!$G$2:$G$46,MAX(1,MIN(44,IFERROR(MATCH(W13,'Earth curves'!$E$2:$E$46,1),1)))))/(INDEX('Earth curves'!$E$2:$E$46,MAX(1,MIN(44,IFERROR(MATCH(W13,'Earth curves'!$E$2:$E$46,1),1)))+1)-INDEX('Earth curves'!$E$2:$E$46,MAX(1,MIN(44,IFERROR(MATCH(W13,'Earth curves'!$E$2:$E$46,1),1)))))) | Z13: =(MIN(X13/Config!$B$9,1)+MIN(Y13/Config!$B$10,1))/2 | AA13: =ROUND(MIN(22,MAX(3,X13*W13/Z13)),1) | AC13: =IF(AB13="",AA13,AB13) | AD13: =ROUND(MIN(Config!$B$10,MAX(1,Y13*W13/Z13)),1) | AF13: =IF(AE13="",AD13,AE13) | AG13: =(V13-Config!$B$7)/(Config!$B$8-Config!$B$7) | AH13: =(MIN(AC13/Config!$B$9,1)+MIN(AF13/Config!$B$10,1))/2 | AI13: =ROUND((AG13*AH13*G13)^(1/3),3) | AJ13: 0.751 | AK13: =AI13-AJ13 | AL13: =AK13-AVERAGE($AK$2:$AK$173) | AM13: =IF(ABS(AL13)>Config!$B$11,"REVIEW","") | AN13: =RANK(AI13,$AI$2:$AI$173) | AO13: =RANK(AJ13,$AJ$2:$AJ$173) | AP13: 13
A14: Baluyde | B14: Quia | C14: — | D14: 75238 | E14: =D14*Config!$B$4 | F14: =LN(MAX(60,E14)) | G14: =MEDIAN(0,(F14-LN(Config!$B$5))/(LN(Config!$B$6)-LN(Config!$B$5)),1) | H14: =MOD((Config!$B$2+$AP14*7919)*9301+49297,233280)/233280 | I14: =MOD((Config!$B$2+$AP14*104729)*4096+150889,714025)/714025 | J14: =MOD((Config!$B$2*31+$AP14*15485863)*1366+150889,714025)/714025 | M14: =COUNTIF(Siblings!$A$2:$A$84,B14) | N14: =1+INT(J14*M14) | O14: =IF(K14<>"",K14,IFERROR(INDEX(Siblings!$D$2:$D$84,MATCH(B14&"|"&N14,Siblings!$F$2:$F$84,0)),0)) | P14: =IF(L14<>"",L14,IFERROR(INDEX(Siblings!$E$2:$E$84,MATCH(B14&"|"&N14,Siblings!$F$2:$F$84,0)),0)) | Q14: =(INDEX('Earth curves'!$B$2:$B$46,MAX(1,MIN(44,IFERROR(MATCH(F14,'Earth curves'!$A$2:$A$46,1),1))))+(F14-INDEX('Earth curves'!$A$2:$A$46,MAX(1,MIN(44,IFERROR(MATCH(F14,'Earth curves'!$A$2:$A$46,1),1)))))*(INDEX('Earth curves'!$B$2:$B$46,MAX(1,MIN(44,IFERROR(MATCH(F14,'Earth curves'!$A$2:$A$46,1),1)))+1)-INDEX('Earth curves'!$B$2:$B$46,MAX(1,MIN(44,IFERROR(MATCH(F14,'Earth curves'!$A$2:$A$46,1),1)))))/(INDEX('Earth curves'!$A$2:$A$46,MAX(1,MIN(44,IFERROR(MATCH(F14,'Earth curves'!$A$2:$A$46,1),1)))+1)-INDEX('Earth curves'!$A$2:$A$46,MAX(1,MIN(44,IFERROR(MATCH(F14,'Earth curves'!$A$2:$A$46,1),1)))))) | R14: =(INDEX('Earth curves'!$C$2:$C$46,MAX(1,MIN(44,IFERROR(MATCH(F14,'Earth curves'!$A$2:$A$46,1),1))))+(F14-INDEX('Earth curves'!$A$2:$A$46,MAX(1,MIN(44,IFERROR(MATCH(F14,'Earth curves'!$A$2:$A$46,1),1)))))*(INDEX('Earth curves'!$C$2:$C$46,MAX(1,MIN(44,IFERROR(MATCH(F14,'Earth curves'!$A$2:$A$46,1),1)))+1)-INDEX('Earth curves'!$C$2:$C$46,MAX(1,MIN(44,IFERROR(MATCH(F14,'Earth curves'!$A$2:$A$46,1),1)))))/(INDEX('Earth curves'!$A$2:$A$46,MAX(1,MIN(44,IFERROR(MATCH(F14,'Earth curves'!$A$2:$A$46,1),1)))+1)-INDEX('Earth curves'!$A$2:$A$46,MAX(1,MIN(44,IFERROR(MATCH(F14,'Earth curves'!$A$2:$A$46,1),1)))))) | S14: =MEDIAN(0.307692,Q14+MEDIAN(-0.350583,O14+NORMSINV(H14)*0.064828*Config!$B$3,0.120277),0.993846) | T14: =ROUND(Config!$B$7+(Config!$B$8-Config!$B$7)*S14,1) | V14: =IF(U14="",T14,U14) | W14: =MEDIAN(0.05,R14+MEDIAN(-0.302219,P14+NORMSINV(I14)*0.089531*Config!$B$3,0.274961),0.999) | X14: =(INDEX('Earth curves'!$F$2:$F$46,MAX(1,MIN(44,IFERROR(MATCH(W14,'Earth curves'!$E$2:$E$46,1),1))))+(W14-INDEX('Earth curves'!$E$2:$E$46,MAX(1,MIN(44,IFERROR(MATCH(W14,'Earth curves'!$E$2:$E$46,1),1)))))*(INDEX('Earth curves'!$F$2:$F$46,MAX(1,MIN(44,IFERROR(MATCH(W14,'Earth curves'!$E$2:$E$46,1),1)))+1)-INDEX('Earth curves'!$F$2:$F$46,MAX(1,MIN(44,IFERROR(MATCH(W14,'Earth curves'!$E$2:$E$46,1),1)))))/(INDEX('Earth curves'!$E$2:$E$46,MAX(1,MIN(44,IFERROR(MATCH(W14,'Earth curves'!$E$2:$E$46,1),1)))+1)-INDEX('Earth curves'!$E$2:$E$46,MAX(1,MIN(44,IFERROR(MATCH(W14,'Earth curves'!$E$2:$E$46,1),1)))))) | Y14: =(INDEX('Earth curves'!$G$2:$G$46,MAX(1,MIN(44,IFERROR(MATCH(W14,'Earth curves'!$E$2:$E$46,1),1))))+(W14-INDEX('Earth curves'!$E$2:$E$46,MAX(1,MIN(44,IFERROR(MATCH(W14,'Earth curves'!$E$2:$E$46,1),1)))))*(INDEX('Earth curves'!$G$2:$G$46,MAX(1,MIN(44,IFERROR(MATCH(W14,'Earth curves'!$E$2:$E$46,1),1)))+1)-INDEX('Earth curves'!$G$2:$G$46,MAX(1,MIN(44,IFERROR(MATCH(W14,'Earth curves'!$E$2:$E$46,1),1)))))/(INDEX('Earth curves'!$E$2:$E$46,MAX(1,MIN(44,IFERROR(MATCH(W14,'Earth curves'!$E$2:$E$46,1),1)))+1)-INDEX('Earth curves'!$E$2:$E$46,MAX(1,MIN(44,IFERROR(MATCH(W14,'Earth curves'!$E$2:$E$46,1),1)))))) | Z14: =(MIN(X14/Config!$B$9,1)+MIN(Y14/Config!$B$10,1))/2 | AA14: =ROUND(MIN(22,MAX(3,X14*W14/Z14)),1) | AC14: =IF(AB14="",AA14,AB14) | AD14: =ROUND(MIN(Config!$B$10,MAX(1,Y14*W14/Z14)),1) | AF14: =IF(AE14="",AD14,AE14) | AG14: =(V14-Config!$B$7)/(Config!$B$8-Config!$B$7) | AH14: =(MIN(AC14/Config!$B$9,1)+MIN(AF14/Config!$B$10,1))/2 | AI14: =ROUND((AG14*AH14*G14)^(1/3),3) | AJ14: 0.705 | AK14: =AI14-AJ14 | AL14: =AK14-AVERAGE($AK$2:$AK$173) | AM14: =IF(ABS(AL14)>Config!$B$11,"REVIEW","") | AN14: =RANK(AI14,$AI$2:$AI$173) | AO14: =RANK(AJ14,$AJ$2:$AJ$173) | AP14: 14
A15: Byllu | B15: Mahea | C15: — | D15: 11079 | E15: =D15*Config!$B$4 | F15: =LN(MAX(60,E15)) | G15: =MEDIAN(0,(F15-LN(Config!$B$5))/(LN(Config!$B$6)-LN(Config!$B$5)),1) | H15: =MOD((Config!$B$2+$AP15*7919)*9301+49297,233280)/233280 | I15: =MOD((Config!$B$2+$AP15*104729)*4096+150889,714025)/714025 | J15: =MOD((Config!$B$2*31+$AP15*15485863)*1366+150889,714025)/714025 | M15: =COUNTIF(Siblings!$A$2:$A$84,B15) | N15: =1+INT(J15*M15) | O15: =IF(K15<>"",K15,IFERROR(INDEX(Siblings!$D$2:$D$84,MATCH(B15&"|"&N15,Siblings!$F$2:$F$84,0)),0)) | P15: =IF(L15<>"",L15,IFERROR(INDEX(Siblings!$E$2:$E$84,MATCH(B15&"|"&N15,Siblings!$F$2:$F$84,0)),0)) | Q15: =(INDEX('Earth curves'!$B$2:$B$46,MAX(1,MIN(44,IFERROR(MATCH(F15,'Earth curves'!$A$2:$A$46,1),1))))+(F15-INDEX('Earth curves'!$A$2:$A$46,MAX(1,MIN(44,IFERROR(MATCH(F15,'Earth curves'!$A$2:$A$46,1),1)))))*(INDEX('Earth curves'!$B$2:$B$46,MAX(1,MIN(44,IFERROR(MATCH(F15,'Earth curves'!$A$2:$A$46,1),1)))+1)-INDEX('Earth curves'!$B$2:$B$46,MAX(1,MIN(44,IFERROR(MATCH(F15,'Earth curves'!$A$2:$A$46,1),1)))))/(INDEX('Earth curves'!$A$2:$A$46,MAX(1,MIN(44,IFERROR(MATCH(F15,'Earth curves'!$A$2:$A$46,1),1)))+1)-INDEX('Earth curves'!$A$2:$A$46,MAX(1,MIN(44,IFERROR(MATCH(F15,'Earth curves'!$A$2:$A$46,1),1)))))) | R15: =(INDEX('Earth curves'!$C$2:$C$46,MAX(1,MIN(44,IFERROR(MATCH(F15,'Earth curves'!$A$2:$A$46,1),1))))+(F15-INDEX('Earth curves'!$A$2:$A$46,MAX(1,MIN(44,IFERROR(MATCH(F15,'Earth curves'!$A$2:$A$46,1),1)))))*(INDEX('Earth curves'!$C$2:$C$46,MAX(1,MIN(44,IFERROR(MATCH(F15,'Earth curves'!$A$2:$A$46,1),1)))+1)-INDEX('Earth curves'!$C$2:$C$46,MAX(1,MIN(44,IFERROR(MATCH(F15,'Earth curves'!$A$2:$A$46,1),1)))))/(INDEX('Earth curves'!$A$2:$A$46,MAX(1,MIN(44,IFERROR(MATCH(F15,'Earth curves'!$A$2:$A$46,1),1)))+1)-INDEX('Earth curves'!$A$2:$A$46,MAX(1,MIN(44,IFERROR(MATCH(F15,'Earth curves'!$A$2:$A$46,1),1)))))) | S15: =MEDIAN(0.307692,Q15+MEDIAN(-0.350583,O15+NORMSINV(H15)*0.064828*Config!$B$3,0.120277),0.993846) | T15: =ROUND(Config!$B$7+(Config!$B$8-Config!$B$7)*S15,1) | V15: =IF(U15="",T15,U15) | W15: =MEDIAN(0.05,R15+MEDIAN(-0.302219,P15+NORMSINV(I15)*0.089531*Config!$B$3,0.274961),0.999) | X15: =(INDEX('Earth curves'!$F$2:$F$46,MAX(1,MIN(44,IFERROR(MATCH(W15,'Earth curves'!$E$2:$E$46,1),1))))+(W15-INDEX('Earth curves'!$E$2:$E$46,MAX(1,MIN(44,IFERROR(MATCH(W15,'Earth curves'!$E$2:$E$46,1),1)))))*(INDEX('Earth curves'!$F$2:$F$46,MAX(1,MIN(44,IFERROR(MATCH(W15,'Earth curves'!$E$2:$E$46,1),1)))+1)-INDEX('Earth curves'!$F$2:$F$46,MAX(1,MIN(44,IFERROR(MATCH(W15,'Earth curves'!$E$2:$E$46,1),1)))))/(INDEX('Earth curves'!$E$2:$E$46,MAX(1,MIN(44,IFERROR(MATCH(W15,'Earth curves'!$E$2:$E$46,1),1)))+1)-INDEX('Earth curves'!$E$2:$E$46,MAX(1,MIN(44,IFERROR(MATCH(W15,'Earth curves'!$E$2:$E$46,1),1)))))) | Y15: =(INDEX('Earth curves'!$G$2:$G$46,MAX(1,MIN(44,IFERROR(MATCH(W15,'Earth curves'!$E$2:$E$46,1),1))))+(W15-INDEX('Earth curves'!$E$2:$E$46,MAX(1,MIN(44,IFERROR(MATCH(W15,'Earth curves'!$E$2:$E$46,1),1)))))*(INDEX('Earth curves'!$G$2:$G$46,MAX(1,MIN(44,IFERROR(MATCH(W15,'Earth curves'!$E$2:$E$46,1),1)))+1)-INDEX('Earth curves'!$G$2:$G$46,MAX(1,MIN(44,IFERROR(MATCH(W15,'Earth curves'!$E$2:$E$46,1),1)))))/(INDEX('Earth curves'!$E$2:$E$46,MAX(1,MIN(44,IFERROR(MATCH(W15,'Earth curves'!$E$2:$E$46,1),1)))+1)-INDEX('Earth curves'!$E$2:$E$46,MAX(1,MIN(44,IFERROR(MATCH(W15,'Earth curves'!$E$2:$E$46,1),1)))))) | Z15: =(MIN(X15/Config!$B$9,1)+MIN(Y15/Config!$B$10,1))/2 | AA15: =ROUND(MIN(22,MAX(3,X15*W15/Z15)),1) | AC15: =IF(AB15="",AA15,AB15) | AD15: =ROUND(MIN(Config!$B$10,MAX(1,Y15*W15/Z15)),1) | AF15: =IF(AE15="",AD15,AE15) | AG15: =(V15-Config!$B$7)/(Config!$B$8-Config!$B$7) | AH15: =(MIN(AC15/Config!$B$9,1)+MIN(AF15/Config!$B$10,1))/2 | AI15: =ROUND((AG15*AH15*G15)^(1/3),3) | AJ15: 0.687 | AK15: =AI15-AJ15 | AL15: =AK15-AVERAGE($AK$2:$AK$173) | AM15: =IF(ABS(AL15)>Config!$B$11,"REVIEW","") | AN15: =RANK(AI15,$AI$2:$AI$173) | AO15: =RANK(AJ15,$AJ$2:$AJ$173) | AP15: 15
A16: Candenat | B16: Acrola | C16: — | D16: 2413 | E16: =D16*Config!$B$4 | F16: =LN(MAX(60,E16)) | G16: =MEDIAN(0,(F16-LN(Config!$B$5))/(LN(Config!$B$6)-LN(Config!$B$5)),1) | H16: =MOD((Config!$B$2+$AP16*7919)*9301+49297,233280)/233280 | I16: =MOD((Config!$B$2+$AP16*104729)*4096+150889,714025)/714025 | J16: =MOD((Config!$B$2*31+$AP16*15485863)*1366+150889,714025)/714025 | M16: =COUNTIF(Siblings!$A$2:$A$84,B16) | N16: =1+INT(J16*M16) | O16: =IF(K16<>"",K16,IFERROR(INDEX(Siblings!$D$2:$D$84,MATCH(B16&"|"&N16,Siblings!$F$2:$F$84,0)),0)) | P16: =IF(L16<>"",L16,IFERROR(INDEX(Siblings!$E$2:$E$84,MATCH(B16&"|"&N16,Siblings!$F$2:$F$84,0)),0)) | Q16: =(INDEX('Earth curves'!$B$2:$B$46,MAX(1,MIN(44,IFERROR(MATCH(F16,'Earth curves'!$A$2:$A$46,1),1))))+(F16-INDEX('Earth curves'!$A$2:$A$46,MAX(1,MIN(44,IFERROR(MATCH(F16,'Earth curves'!$A$2:$A$46,1),1)))))*(INDEX('Earth curves'!$B$2:$B$46,MAX(1,MIN(44,IFERROR(MATCH(F16,'Earth curves'!$A$2:$A$46,1),1)))+1)-INDEX('Earth curves'!$B$2:$B$46,MAX(1,MIN(44,IFERROR(MATCH(F16,'Earth curves'!$A$2:$A$46,1),1)))))/(INDEX('Earth curves'!$A$2:$A$46,MAX(1,MIN(44,IFERROR(MATCH(F16,'Earth curves'!$A$2:$A$46,1),1)))+1)-INDEX('Earth curves'!$A$2:$A$46,MAX(1,MIN(44,IFERROR(MATCH(F16,'Earth curves'!$A$2:$A$46,1),1)))))) | R16: =(INDEX('Earth curves'!$C$2:$C$46,MAX(1,MIN(44,IFERROR(MATCH(F16,'Earth curves'!$A$2:$A$46,1),1))))+(F16-INDEX('Earth curves'!$A$2:$A$46,MAX(1,MIN(44,IFERROR(MATCH(F16,'Earth curves'!$A$2:$A$46,1),1)))))*(INDEX('Earth curves'!$C$2:$C$46,MAX(1,MIN(44,IFERROR(MATCH(F16,'Earth curves'!$A$2:$A$46,1),1)))+1)-INDEX('Earth curves'!$C$2:$C$46,MAX(1,MIN(44,IFERROR(MATCH(F16,'Earth curves'!$A$2:$A$46,1),1)))))/(INDEX('Earth curves'!$A$2:$A$46,MAX(1,MIN(44,IFERROR(MATCH(F16,'Earth curves'!$A$2:$A$46,1),1)))+1)-INDEX('Earth curves'!$A$2:$A$46,MAX(1,MIN(44,IFERROR(MATCH(F16,'Earth curves'!$A$2:$A$46,1),1)))))) | S16: =MEDIAN(0.307692,Q16+MEDIAN(-0.350583,O16+NORMSINV(H16)*0.064828*Config!$B$3,0.120277),0.993846) | T16: =ROUND(Config!$B$7+(Config!$B$8-Config!$B$7)*S16,1) | V16: =IF(U16="",T16,U16) | W16: =MEDIAN(0.05,R16+MEDIAN(-0.302219,P16+NORMSINV(I16)*0.089531*Config!$B$3,0.274961),0.999) | X16: =(INDEX('Earth curves'!$F$2:$F$46,MAX(1,MIN(44,IFERROR(MATCH(W16,'Earth curves'!$E$2:$E$46,1),1))))+(W16-INDEX('Earth curves'!$E$2:$E$46,MAX(1,MIN(44,IFERROR(MATCH(W16,'Earth curves'!$E$2:$E$46,1),1)))))*(INDEX('Earth curves'!$F$2:$F$46,MAX(1,MIN(44,IFERROR(MATCH(W16,'Earth curves'!$E$2:$E$46,1),1)))+1)-INDEX('Earth curves'!$F$2:$F$46,MAX(1,MIN(44,IFERROR(MATCH(W16,'Earth curves'!$E$2:$E$46,1),1)))))/(INDEX('Earth curves'!$E$2:$E$46,MAX(1,MIN(44,IFERROR(MATCH(W16,'Earth curves'!$E$2:$E$46,1),1)))+1)-INDEX('Earth curves'!$E$2:$E$46,MAX(1,MIN(44,IFERROR(MATCH(W16,'Earth curves'!$E$2:$E$46,1),1)))))) | Y16: =(INDEX('Earth curves'!$G$2:$G$46,MAX(1,MIN(44,IFERROR(MATCH(W16,'Earth curves'!$E$2:$E$46,1),1))))+(W16-INDEX('Earth curves'!$E$2:$E$46,MAX(1,MIN(44,IFERROR(MATCH(W16,'Earth curves'!$E$2:$E$46,1),1)))))*(INDEX('Earth curves'!$G$2:$G$46,MAX(1,MIN(44,IFERROR(MATCH(W16,'Earth curves'!$E$2:$E$46,1),1)))+1)-INDEX('Earth curves'!$G$2:$G$46,MAX(1,MIN(44,IFERROR(MATCH(W16,'Earth curves'!$E$2:$E$46,1),1)))))/(INDEX('Earth curves'!$E$2:$E$46,MAX(1,MIN(44,IFERROR(MATCH(W16,'Earth curves'!$E$2:$E$46,1),1)))+1)-INDEX('Earth curves'!$E$2:$E$46,MAX(1,MIN(44,IFERROR(MATCH(W16,'Earth curves'!$E$2:$E$46,1),1)))))) | Z16: =(MIN(X16/Config!$B$9,1)+MIN(Y16/Config!$B$10,1))/2 | AA16: =ROUND(MIN(22,MAX(3,X16*W16/Z16)),1) | AC16: =IF(AB16="",AA16,AB16) | AD16: =ROUND(MIN(Config!$B$10,MAX(1,Y16*W16/Z16)),1) | AF16: =IF(AE16="",AD16,AE16) | AG16: =(V16-Config!$B$7)/(Config!$B$8-Config!$B$7) | AH16: =(MIN(AC16/Config!$B$9,1)+MIN(AF16/Config!$B$10,1))/2 | AI16: =ROUND((AG16*AH16*G16)^(1/3),3) | AJ16: 0.427 | AK16: =AI16-AJ16 | AL16: =AK16-AVERAGE($AK$2:$AK$173) | AM16: =IF(ABS(AL16)>Config!$B$11,"REVIEW","") | AN16: =RANK(AI16,$AI$2:$AI$173) | AO16: =RANK(AJ16,$AJ$2:$AJ$173) | AP16: 16
A17: Canldives | B17: Massir | C17: militarised | D17: 67937 | E17: =D17*Config!$B$4 | F17: =LN(MAX(60,E17)) | G17: =MEDIAN(0,(F17-LN(Config!$B$5))/(LN(Config!$B$6)-LN(Config!$B$5)),1) | H17: =MOD((Config!$B$2+$AP17*7919)*9301+49297,233280)/233280 | I17: =MOD((Config!$B$2+$AP17*104729)*4096+150889,714025)/714025 | J17: =MOD((Config!$B$2*31+$AP17*15485863)*1366+150889,714025)/714025 | M17: =COUNTIF(Siblings!$A$2:$A$84,B17) | N17: =1+INT(J17*M17) | O17: =IF(K17<>"",K17,IFERROR(INDEX(Siblings!$D$2:$D$84,MATCH(B17&"|"&N17,Siblings!$F$2:$F$84,0)),0)) | P17: =IF(L17<>"",L17,IFERROR(INDEX(Siblings!$E$2:$E$84,MATCH(B17&"|"&N17,Siblings!$F$2:$F$84,0)),0)) | Q17: =(INDEX('Earth curves'!$B$2:$B$46,MAX(1,MIN(44,IFERROR(MATCH(F17,'Earth curves'!$A$2:$A$46,1),1))))+(F17-INDEX('Earth curves'!$A$2:$A$46,MAX(1,MIN(44,IFERROR(MATCH(F17,'Earth curves'!$A$2:$A$46,1),1)))))*(INDEX('Earth curves'!$B$2:$B$46,MAX(1,MIN(44,IFERROR(MATCH(F17,'Earth curves'!$A$2:$A$46,1),1)))+1)-INDEX('Earth curves'!$B$2:$B$46,MAX(1,MIN(44,IFERROR(MATCH(F17,'Earth curves'!$A$2:$A$46,1),1)))))/(INDEX('Earth curves'!$A$2:$A$46,MAX(1,MIN(44,IFERROR(MATCH(F17,'Earth curves'!$A$2:$A$46,1),1)))+1)-INDEX('Earth curves'!$A$2:$A$46,MAX(1,MIN(44,IFERROR(MATCH(F17,'Earth curves'!$A$2:$A$46,1),1)))))) | R17: =(INDEX('Earth curves'!$C$2:$C$46,MAX(1,MIN(44,IFERROR(MATCH(F17,'Earth curves'!$A$2:$A$46,1),1))))+(F17-INDEX('Earth curves'!$A$2:$A$46,MAX(1,MIN(44,IFERROR(MATCH(F17,'Earth curves'!$A$2:$A$46,1),1)))))*(INDEX('Earth curves'!$C$2:$C$46,MAX(1,MIN(44,IFERROR(MATCH(F17,'Earth curves'!$A$2:$A$46,1),1)))+1)-INDEX('Earth curves'!$C$2:$C$46,MAX(1,MIN(44,IFERROR(MATCH(F17,'Earth curves'!$A$2:$A$46,1),1)))))/(INDEX('Earth curves'!$A$2:$A$46,MAX(1,MIN(44,IFERROR(MATCH(F17,'Earth curves'!$A$2:$A$46,1),1)))+1)-INDEX('Earth curves'!$A$2:$A$46,MAX(1,MIN(44,IFERROR(MATCH(F17,'Earth curves'!$A$2:$A$46,1),1)))))) | S17: =MEDIAN(0.307692,Q17+MEDIAN(-0.350583,O17+NORMSINV(H17)*0.064828*Config!$B$3,0.120277),0.993846) | T17: =ROUND(Config!$B$7+(Config!$B$8-Config!$B$7)*S17,1) | V17: =IF(U17="",T17,U17) | W17: =MEDIAN(0.05,R17+MEDIAN(-0.302219,P17+NORMSINV(I17)*0.089531*Config!$B$3,0.274961),0.999) | X17: =(INDEX('Earth curves'!$F$2:$F$46,MAX(1,MIN(44,IFERROR(MATCH(W17,'Earth curves'!$E$2:$E$46,1),1))))+(W17-INDEX('Earth curves'!$E$2:$E$46,MAX(1,MIN(44,IFERROR(MATCH(W17,'Earth curves'!$E$2:$E$46,1),1)))))*(INDEX('Earth curves'!$F$2:$F$46,MAX(1,MIN(44,IFERROR(MATCH(W17,'Earth curves'!$E$2:$E$46,1),1)))+1)-INDEX('Earth curves'!$F$2:$F$46,MAX(1,MIN(44,IFERROR(MATCH(W17,'Earth curves'!$E$2:$E$46,1),1)))))/(INDEX('Earth curves'!$E$2:$E$46,MAX(1,MIN(44,IFERROR(MATCH(W17,'Earth curves'!$E$2:$E$46,1),1)))+1)-INDEX('Earth curves'!$E$2:$E$46,MAX(1,MIN(44,IFERROR(MATCH(W17,'Earth curves'!$E$2:$E$46,1),1)))))) | Y17: =(INDEX('Earth curves'!$G$2:$G$46,MAX(1,MIN(44,IFERROR(MATCH(W17,'Earth curves'!$E$2:$E$46,1),1))))+(W17-INDEX('Earth curves'!$E$2:$E$46,MAX(1,MIN(44,IFERROR(MATCH(W17,'Earth curves'!$E$2:$E$46,1),1)))))*(INDEX('Earth curves'!$G$2:$G$46,MAX(1,MIN(44,IFERROR(MATCH(W17,'Earth curves'!$E$2:$E$46,1),1)))+1)-INDEX('Earth curves'!$G$2:$G$46,MAX(1,MIN(44,IFERROR(MATCH(W17,'Earth curves'!$E$2:$E$46,1),1)))))/(INDEX('Earth curves'!$E$2:$E$46,MAX(1,MIN(44,IFERROR(MATCH(W17,'Earth curves'!$E$2:$E$46,1),1)))+1)-INDEX('Earth curves'!$E$2:$E$46,MAX(1,MIN(44,IFERROR(MATCH(W17,'Earth curves'!$E$2:$E$46,1),1)))))) | Z17: =(MIN(X17/Config!$B$9,1)+MIN(Y17/Config!$B$10,1))/2 | AA17: =ROUND(MIN(22,MAX(3,X17*W17/Z17)),1) | AC17: =IF(AB17="",AA17,AB17) | AD17: =ROUND(MIN(Config!$B$10,MAX(1,Y17*W17/Z17)),1) | AF17: =IF(AE17="",AD17,AE17) | AG17: =(V17-Config!$B$7)/(Config!$B$8-Config!$B$7) | AH17: =(MIN(AC17/Config!$B$9,1)+MIN(AF17/Config!$B$10,1))/2 | AI17: =ROUND((AG17*AH17*G17)^(1/3),3) | AJ17: 0.818 | AK17: =AI17-AJ17 | AL17: =AK17-AVERAGE($AK$2:$AK$173) | AM17: =IF(ABS(AL17)>Config!$B$11,"REVIEW","") | AN17: =RANK(AI17,$AI$2:$AI$173) | AO17: =RANK(AJ17,$AJ$2:$AJ$173) | AP17: 17
A18: Chaenia | B18: Mahea | C18: resource | D18: 130159 | E18: =D18*Config!$B$4 | F18: =LN(MAX(60,E18)) | G18: =MEDIAN(0,(F18-LN(Config!$B$5))/(LN(Config!$B$6)-LN(Config!$B$5)),1) | H18: =MOD((Config!$B$2+$AP18*7919)*9301+49297,233280)/233280 | I18: =MOD((Config!$B$2+$AP18*104729)*4096+150889,714025)/714025 | J18: =MOD((Config!$B$2*31+$AP18*15485863)*1366+150889,714025)/714025 | K18: -0.004008 | L18: -0.062879 | M18: =COUNTIF(Siblings!$A$2:$A$84,B18) | N18: =1+INT(J18*M18) | O18: =IF(K18<>"",K18,IFERROR(INDEX(Siblings!$D$2:$D$84,MATCH(B18&"|"&N18,Siblings!$F$2:$F$84,0)),0)) | P18: =IF(L18<>"",L18,IFERROR(INDEX(Siblings!$E$2:$E$84,MATCH(B18&"|"&N18,Siblings!$F$2:$F$84,0)),0)) | Q18: =(INDEX('Earth curves'!$B$2:$B$46,MAX(1,MIN(44,IFERROR(MATCH(F18,'Earth curves'!$A$2:$A$46,1),1))))+(F18-INDEX('Earth curves'!$A$2:$A$46,MAX(1,MIN(44,IFERROR(MATCH(F18,'Earth curves'!$A$2:$A$46,1),1)))))*(INDEX('Earth curves'!$B$2:$B$46,MAX(1,MIN(44,IFERROR(MATCH(F18,'Earth curves'!$A$2:$A$46,1),1)))+1)-INDEX('Earth curves'!$B$2:$B$46,MAX(1,MIN(44,IFERROR(MATCH(F18,'Earth curves'!$A$2:$A$46,1),1)))))/(INDEX('Earth curves'!$A$2:$A$46,MAX(1,MIN(44,IFERROR(MATCH(F18,'Earth curves'!$A$2:$A$46,1),1)))+1)-INDEX('Earth curves'!$A$2:$A$46,MAX(1,MIN(44,IFERROR(MATCH(F18,'Earth curves'!$A$2:$A$46,1),1)))))) | R18: =(INDEX('Earth curves'!$C$2:$C$46,MAX(1,MIN(44,IFERROR(MATCH(F18,'Earth curves'!$A$2:$A$46,1),1))))+(F18-INDEX('Earth curves'!$A$2:$A$46,MAX(1,MIN(44,IFERROR(MATCH(F18,'Earth curves'!$A$2:$A$46,1),1)))))*(INDEX('Earth curves'!$C$2:$C$46,MAX(1,MIN(44,IFERROR(MATCH(F18,'Earth curves'!$A$2:$A$46,1),1)))+1)-INDEX('Earth curves'!$C$2:$C$46,MAX(1,MIN(44,IFERROR(MATCH(F18,'Earth curves'!$A$2:$A$46,1),1)))))/(INDEX('Earth curves'!$A$2:$A$46,MAX(1,MIN(44,IFERROR(MATCH(F18,'Earth curves'!$A$2:$A$46,1),1)))+1)-INDEX('Earth curves'!$A$2:$A$46,MAX(1,MIN(44,IFERROR(MATCH(F18,'Earth curves'!$A$2:$A$46,1),1)))))) | S18: =MEDIAN(0.307692,Q18+MEDIAN(-0.350583,O18+NORMSINV(H18)*0.064828*Config!$B$3,0.120277),0.993846) | T18: =ROUND(Config!$B$7+(Config!$B$8-Config!$B$7)*S18,1) | V18: =IF(U18="",T18,U18) | W18: =MEDIAN(0.05,R18+MEDIAN(-0.302219,P18+NORMSINV(I18)*0.089531*Config!$B$3,0.274961),0.999) | X18: =(INDEX('Earth curves'!$F$2:$F$46,MAX(1,MIN(44,IFERROR(MATCH(W18,'Earth curves'!$E$2:$E$46,1),1))))+(W18-INDEX('Earth curves'!$E$2:$E$46,MAX(1,MIN(44,IFERROR(MATCH(W18,'Earth curves'!$E$2:$E$46,1),1)))))*(INDEX('Earth curves'!$F$2:$F$46,MAX(1,MIN(44,IFERROR(MATCH(W18,'Earth curves'!$E$2:$E$46,1),1)))+1)-INDEX('Earth curves'!$F$2:$F$46,MAX(1,MIN(44,IFERROR(MATCH(W18,'Earth curves'!$E$2:$E$46,1),1)))))/(INDEX('Earth curves'!$E$2:$E$46,MAX(1,MIN(44,IFERROR(MATCH(W18,'Earth curves'!$E$2:$E$46,1),1)))+1)-INDEX('Earth curves'!$E$2:$E$46,MAX(1,MIN(44,IFERROR(MATCH(W18,'Earth curves'!$E$2:$E$46,1),1)))))) | Y18: =(INDEX('Earth curves'!$G$2:$G$46,MAX(1,MIN(44,IFERROR(MATCH(W18,'Earth curves'!$E$2:$E$46,1),1))))+(W18-INDEX('Earth curves'!$E$2:$E$46,MAX(1,MIN(44,IFERROR(MATCH(W18,'Earth curves'!$E$2:$E$46,1),1)))))*(INDEX('Earth curves'!$G$2:$G$46,MAX(1,MIN(44,IFERROR(MATCH(W18,'Earth curves'!$E$2:$E$46,1),1)))+1)-INDEX('Earth curves'!$G$2:$G$46,MAX(1,MIN(44,IFERROR(MATCH(W18,'Earth curves'!$E$2:$E$46,1),1)))))/(INDEX('Earth curves'!$E$2:$E$46,MAX(1,MIN(44,IFERROR(MATCH(W18,'Earth curves'!$E$2:$E$46,1),1)))+1)-INDEX('Earth curves'!$E$2:$E$46,MAX(1,MIN(44,IFERROR(MATCH(W18,'Earth curves'!$E$2:$E$46,1),1)))))) | Z18: =(MIN(X18/Config!$B$9,1)+MIN(Y18/Config!$B$10,1))/2 | AA18: =ROUND(MIN(22,MAX(3,X18*W18/Z18)),1) | AC18: =IF(AB18="",AA18,AB18) | AD18: =ROUND(MIN(Config!$B$10,MAX(1,Y18*W18/Z18)),1) | AF18: =IF(AE18="",AD18,AE18) | AG18: =(V18-Config!$B$7)/(Config!$B$8-Config!$B$7) | AH18: =(MIN(AC18/Config!$B$9,1)+MIN(AF18/Config!$B$10,1))/2 | AI18: =ROUND((AG18*AH18*G18)^(1/3),3) | AJ18: 0.921 | AK18: =AI18-AJ18 | AL18: =AK18-AVERAGE($AK$2:$AK$173) | AM18: =IF(ABS(AL18)>Config!$B$11,"REVIEW","") | AN18: =RANK(AI18,$AI$2:$AI$173) | AO18: =RANK(AJ18,$AJ$2:$AJ$173) | AP18: 18
A19: Cloja | B19: Massir | C19: microstate, militarised | D19: 90159 | E19: =D19*Config!$B$4 | F19: =LN(MAX(60,E19)) | G19: =MEDIAN(0,(F19-LN(Config!$B$5))/(LN(Config!$B$6)-LN(Config!$B$5)),1) | H19: =MOD((Config!$B$2+$AP19*7919)*9301+49297,233280)/233280 | I19: =MOD((Config!$B$2+$AP19*104729)*4096+150889,714025)/714025 | J19: =MOD((Config!$B$2*31+$AP19*15485863)*1366+150889,714025)/714025 | M19: =COUNTIF(Siblings!$A$2:$A$84,B19) | N19: =1+INT(J19*M19) | O19: =IF(K19<>"",K19,IFERROR(INDEX(Siblings!$D$2:$D$84,MATCH(B19&"|"&N19,Siblings!$F$2:$F$84,0)),0)) | P19: =IF(L19<>"",L19,IFERROR(INDEX(Siblings!$E$2:$E$84,MATCH(B19&"|"&N19,Siblings!$F$2:$F$84,0)),0)) | Q19: =(INDEX('Earth curves'!$B$2:$B$46,MAX(1,MIN(44,IFERROR(MATCH(F19,'Earth curves'!$A$2:$A$46,1),1))))+(F19-INDEX('Earth curves'!$A$2:$A$46,MAX(1,MIN(44,IFERROR(MATCH(F19,'Earth curves'!$A$2:$A$46,1),1)))))*(INDEX('Earth curves'!$B$2:$B$46,MAX(1,MIN(44,IFERROR(MATCH(F19,'Earth curves'!$A$2:$A$46,1),1)))+1)-INDEX('Earth curves'!$B$2:$B$46,MAX(1,MIN(44,IFERROR(MATCH(F19,'Earth curves'!$A$2:$A$46,1),1)))))/(INDEX('Earth curves'!$A$2:$A$46,MAX(1,MIN(44,IFERROR(MATCH(F19,'Earth curves'!$A$2:$A$46,1),1)))+1)-INDEX('Earth curves'!$A$2:$A$46,MAX(1,MIN(44,IFERROR(MATCH(F19,'Earth curves'!$A$2:$A$46,1),1)))))) | R19: =(INDEX('Earth curves'!$C$2:$C$46,MAX(1,MIN(44,IFERROR(MATCH(F19,'Earth curves'!$A$2:$A$46,1),1))))+(F19-INDEX('Earth curves'!$A$2:$A$46,MAX(1,MIN(44,IFERROR(MATCH(F19,'Earth curves'!$A$2:$A$46,1),1)))))*(INDEX('Earth curves'!$C$2:$C$46,MAX(1,MIN(44,IFERROR(MATCH(F19,'Earth curves'!$A$2:$A$46,1),1)))+1)-INDEX('Earth curves'!$C$2:$C$46,MAX(1,MIN(44,IFERROR(MATCH(F19,'Earth curves'!$A$2:$A$46,1),1)))))/(INDEX('Earth curves'!$A$2:$A$46,MAX(1,MIN(44,IFERROR(MATCH(F19,'Earth curves'!$A$2:$A$46,1),1)))+1)-INDEX('Earth curves'!$A$2:$A$46,MAX(1,MIN(44,IFERROR(MATCH(F19,'Earth curves'!$A$2:$A$46,1),1)))))) | S19: =MEDIAN(0.307692,Q19+MEDIAN(-0.350583,O19+NORMSINV(H19)*0.064828*Config!$B$3,0.120277),0.993846) | T19: =ROUND(Config!$B$7+(Config!$B$8-Config!$B$7)*S19,1) | V19: =IF(U19="",T19,U19) | W19: =MEDIAN(0.05,R19+MEDIAN(-0.302219,P19+NORMSINV(I19)*0.089531*Config!$B$3,0.274961),0.999) | X19: =(INDEX('Earth curves'!$F$2:$F$46,MAX(1,MIN(44,IFERROR(MATCH(W19,'Earth curves'!$E$2:$E$46,1),1))))+(W19-INDEX('Earth curves'!$E$2:$E$46,MAX(1,MIN(44,IFERROR(MATCH(W19,'Earth curves'!$E$2:$E$46,1),1)))))*(INDEX('Earth curves'!$F$2:$F$46,MAX(1,MIN(44,IFERROR(MATCH(W19,'Earth curves'!$E$2:$E$46,1),1)))+1)-INDEX('Earth curves'!$F$2:$F$46,MAX(1,MIN(44,IFERROR(MATCH(W19,'Earth curves'!$E$2:$E$46,1),1)))))/(INDEX('Earth curves'!$E$2:$E$46,MAX(1,MIN(44,IFERROR(MATCH(W19,'Earth curves'!$E$2:$E$46,1),1)))+1)-INDEX('Earth curves'!$E$2:$E$46,MAX(1,MIN(44,IFERROR(MATCH(W19,'Earth curves'!$E$2:$E$46,1),1)))))) | Y19: =(INDEX('Earth curves'!$G$2:$G$46,MAX(1,MIN(44,IFERROR(MATCH(W19,'Earth curves'!$E$2:$E$46,1),1))))+(W19-INDEX('Earth curves'!$E$2:$E$46,MAX(1,MIN(44,IFERROR(MATCH(W19,'Earth curves'!$E$2:$E$46,1),1)))))*(INDEX('Earth curves'!$G$2:$G$46,MAX(1,MIN(44,IFERROR(MATCH(W19,'Earth curves'!$E$2:$E$46,1),1)))+1)-INDEX('Earth curves'!$G$2:$G$46,MAX(1,MIN(44,IFERROR(MATCH(W19,'Earth curves'!$E$2:$E$46,1),1)))))/(INDEX('Earth curves'!$E$2:$E$46,MAX(1,MIN(44,IFERROR(MATCH(W19,'Earth curves'!$E$2:$E$46,1),1)))+1)-INDEX('Earth curves'!$E$2:$E$46,MAX(1,MIN(44,IFERROR(MATCH(W19,'Earth curves'!$E$2:$E$46,1),1)))))) | Z19: =(MIN(X19/Config!$B$9,1)+MIN(Y19/Config!$B$10,1))/2 | AA19: =ROUND(MIN(22,MAX(3,X19*W19/Z19)),1) | AC19: =IF(AB19="",AA19,AB19) | AD19: =ROUND(MIN(Config!$B$10,MAX(1,Y19*W19/Z19)),1) | AF19: =IF(AE19="",AD19,AE19) | AG19: =(V19-Config!$B$7)/(Config!$B$8-Config!$B$7) | AH19: =(MIN(AC19/Config!$B$9,1)+MIN(AF19/Config!$B$10,1))/2 | AI19: =ROUND((AG19*AH19*G19)^(1/3),3) | AJ19: 0.752 | AK19: =AI19-AJ19 | AL19: =AK19-AVERAGE($AK$2:$AK$173) | AM19: =IF(ABS(AL19)>Config!$B$11,"REVIEW","") | AN19: =RANK(AI19,$AI$2:$AI$173) | AO19: =RANK(AJ19,$AJ$2:$AJ$173) | AP19: 19
A20: Crila Republic | B20: New Ayre | C20: — | D20: 95143 | E20: =D20*Config!$B$4 | F20: =LN(MAX(60,E20)) | G20: =MEDIAN(0,(F20-LN(Config!$B$5))/(LN(Config!$B$6)-LN(Config!$B$5)),1) | H20: =MOD((Config!$B$2+$AP20*7919)*9301+49297,233280)/233280 | I20: =MOD((Config!$B$2+$AP20*104729)*4096+150889,714025)/714025 | J20: =MOD((Config!$B$2*31+$AP20*15485863)*1366+150889,714025)/714025 | M20: =COUNTIF(Siblings!$A$2:$A$84,B20) | N20: =1+INT(J20*M20) | O20: =IF(K20<>"",K20,IFERROR(INDEX(Siblings!$D$2:$D$84,MATCH(B20&"|"&N20,Siblings!$F$2:$F$84,0)),0)) | P20: =IF(L20<>"",L20,IFERROR(INDEX(Siblings!$E$2:$E$84,MATCH(B20&"|"&N20,Siblings!$F$2:$F$84,0)),0)) | Q20: =(INDEX('Earth curves'!$B$2:$B$46,MAX(1,MIN(44,IFERROR(MATCH(F20,'Earth curves'!$A$2:$A$46,1),1))))+(F20-INDEX('Earth curves'!$A$2:$A$46,MAX(1,MIN(44,IFERROR(MATCH(F20,'Earth curves'!$A$2:$A$46,1),1)))))*(INDEX('Earth curves'!$B$2:$B$46,MAX(1,MIN(44,IFERROR(MATCH(F20,'Earth curves'!$A$2:$A$46,1),1)))+1)-INDEX('Earth curves'!$B$2:$B$46,MAX(1,MIN(44,IFERROR(MATCH(F20,'Earth curves'!$A$2:$A$46,1),1)))))/(INDEX('Earth curves'!$A$2:$A$46,MAX(1,MIN(44,IFERROR(MATCH(F20,'Earth curves'!$A$2:$A$46,1),1)))+1)-INDEX('Earth curves'!$A$2:$A$46,MAX(1,MIN(44,IFERROR(MATCH(F20,'Earth curves'!$A$2:$A$46,1),1)))))) | R20: =(INDEX('Earth curves'!$C$2:$C$46,MAX(1,MIN(44,IFERROR(MATCH(F20,'Earth curves'!$A$2:$A$46,1),1))))+(F20-INDEX('Earth curves'!$A$2:$A$46,MAX(1,MIN(44,IFERROR(MATCH(F20,'Earth curves'!$A$2:$A$46,1),1)))))*(INDEX('Earth curves'!$C$2:$C$46,MAX(1,MIN(44,IFERROR(MATCH(F20,'Earth curves'!$A$2:$A$46,1),1)))+1)-INDEX('Earth curves'!$C$2:$C$46,MAX(1,MIN(44,IFERROR(MATCH(F20,'Earth curves'!$A$2:$A$46,1),1)))))/(INDEX('Earth curves'!$A$2:$A$46,MAX(1,MIN(44,IFERROR(MATCH(F20,'Earth curves'!$A$2:$A$46,1),1)))+1)-INDEX('Earth curves'!$A$2:$A$46,MAX(1,MIN(44,IFERROR(MATCH(F20,'Earth curves'!$A$2:$A$46,1),1)))))) | S20: =MEDIAN(0.307692,Q20+MEDIAN(-0.350583,O20+NORMSINV(H20)*0.064828*Config!$B$3,0.120277),0.993846) | T20: =ROUND(Config!$B$7+(Config!$B$8-Config!$B$7)*S20,1) | V20: =IF(U20="",T20,U20) | W20: =MEDIAN(0.05,R20+MEDIAN(-0.302219,P20+NORMSINV(I20)*0.089531*Config!$B$3,0.274961),0.999) | X20: =(INDEX('Earth curves'!$F$2:$F$46,MAX(1,MIN(44,IFERROR(MATCH(W20,'Earth curves'!$E$2:$E$46,1),1))))+(W20-INDEX('Earth curves'!$E$2:$E$46,MAX(1,MIN(44,IFERROR(MATCH(W20,'Earth curves'!$E$2:$E$46,1),1)))))*(INDEX('Earth curves'!$F$2:$F$46,MAX(1,MIN(44,IFERROR(MATCH(W20,'Earth curves'!$E$2:$E$46,1),1)))+1)-INDEX('Earth curves'!$F$2:$F$46,MAX(1,MIN(44,IFERROR(MATCH(W20,'Earth curves'!$E$2:$E$46,1),1)))))/(INDEX('Earth curves'!$E$2:$E$46,MAX(1,MIN(44,IFERROR(MATCH(W20,'Earth curves'!$E$2:$E$46,1),1)))+1)-INDEX('Earth curves'!$E$2:$E$46,MAX(1,MIN(44,IFERROR(MATCH(W20,'Earth curves'!$E$2:$E$46,1),1)))))) | Y20: =(INDEX('Earth curves'!$G$2:$G$46,MAX(1,MIN(44,IFERROR(MATCH(W20,'Earth curves'!$E$2:$E$46,1),1))))+(W20-INDEX('Earth curves'!$E$2:$E$46,MAX(1,MIN(44,IFERROR(MATCH(W20,'Earth curves'!$E$2:$E$46,1),1)))))*(INDEX('Earth curves'!$G$2:$G$46,MAX(1,MIN(44,IFERROR(MATCH(W20,'Earth curves'!$E$2:$E$46,1),1)))+1)-INDEX('Earth curves'!$G$2:$G$46,MAX(1,MIN(44,IFERROR(MATCH(W20,'Earth curves'!$E$2:$E$46,1),1)))))/(INDEX('Earth curves'!$E$2:$E$46,MAX(1,MIN(44,IFERROR(MATCH(W20,'Earth curves'!$E$2:$E$46,1),1)))+1)-INDEX('Earth curves'!$E$2:$E$46,MAX(1,MIN(44,IFERROR(MATCH(W20,'Earth curves'!$E$2:$E$46,1),1)))))) | Z20: =(MIN(X20/Config!$B$9,1)+MIN(Y20/Config!$B$10,1))/2 | AA20: =ROUND(MIN(22,MAX(3,X20*W20/Z20)),1) | AC20: =IF(AB20="",AA20,AB20) | AD20: =ROUND(MIN(Config!$B$10,MAX(1,Y20*W20/Z20)),1) | AF20: =IF(AE20="",AD20,AE20) | AG20: =(V20-Config!$B$7)/(Config!$B$8-Config!$B$7) | AH20: =(MIN(AC20/Config!$B$9,1)+MIN(AF20/Config!$B$10,1))/2 | AI20: =ROUND((AG20*AH20*G20)^(1/3),3) | AJ20: 0.858 | AK20: =AI20-AJ20 | AL20: =AK20-AVERAGE($AK$2:$AK$173) | AM20: =IF(ABS(AL20)>Config!$B$11,"REVIEW","") | AN20: =RANK(AI20,$AI$2:$AI$173) | AO20: =RANK(AJ20,$AJ$2:$AJ$173) | AP20: 20
A21: Cruthi Anoso | B21: Mahea | C21: microstate | D21: 15111 | E21: =D21*Config!$B$4 | F21: =LN(MAX(60,E21)) | G21: =MEDIAN(0,(F21-LN(Config!$B$5))/(LN(Config!$B$6)-LN(Config!$B$5)),1) | H21: =MOD((Config!$B$2+$AP21*7919)*9301+49297,233280)/233280 | I21: =MOD((Config!$B$2+$AP21*104729)*4096+150889,714025)/714025 | J21: =MOD((Config!$B$2*31+$AP21*15485863)*1366+150889,714025)/714025 | M21: =COUNTIF(Siblings!$A$2:$A$84,B21) | N21: =1+INT(J21*M21) | O21: =IF(K21<>"",K21,IFERROR(INDEX(Siblings!$D$2:$D$84,MATCH(B21&"|"&N21,Siblings!$F$2:$F$84,0)),0)) | P21: =IF(L21<>"",L21,IFERROR(INDEX(Siblings!$E$2:$E$84,MATCH(B21&"|"&N21,Siblings!$F$2:$F$84,0)),0)) | Q21: =(INDEX('Earth curves'!$B$2:$B$46,MAX(1,MIN(44,IFERROR(MATCH(F21,'Earth curves'!$A$2:$A$46,1),1))))+(F21-INDEX('Earth curves'!$A$2:$A$46,MAX(1,MIN(44,IFERROR(MATCH(F21,'Earth curves'!$A$2:$A$46,1),1)))))*(INDEX('Earth curves'!$B$2:$B$46,MAX(1,MIN(44,IFERROR(MATCH(F21,'Earth curves'!$A$2:$A$46,1),1)))+1)-INDEX('Earth curves'!$B$2:$B$46,MAX(1,MIN(44,IFERROR(MATCH(F21,'Earth curves'!$A$2:$A$46,1),1)))))/(INDEX('Earth curves'!$A$2:$A$46,MAX(1,MIN(44,IFERROR(MATCH(F21,'Earth curves'!$A$2:$A$46,1),1)))+1)-INDEX('Earth curves'!$A$2:$A$46,MAX(1,MIN(44,IFERROR(MATCH(F21,'Earth curves'!$A$2:$A$46,1),1)))))) | R21: =(INDEX('Earth curves'!$C$2:$C$46,MAX(1,MIN(44,IFERROR(MATCH(F21,'Earth curves'!$A$2:$A$46,1),1))))+(F21-INDEX('Earth curves'!$A$2:$A$46,MAX(1,MIN(44,IFERROR(MATCH(F21,'Earth curves'!$A$2:$A$46,1),1)))))*(INDEX('Earth curves'!$C$2:$C$46,MAX(1,MIN(44,IFERROR(MATCH(F21,'Earth curves'!$A$2:$A$46,1),1)))+1)-INDEX('Earth curves'!$C$2:$C$46,MAX(1,MIN(44,IFERROR(MATCH(F21,'Earth curves'!$A$2:$A$46,1),1)))))/(INDEX('Earth curves'!$A$2:$A$46,MAX(1,MIN(44,IFERROR(MATCH(F21,'Earth curves'!$A$2:$A$46,1),1)))+1)-INDEX('Earth curves'!$A$2:$A$46,MAX(1,MIN(44,IFERROR(MATCH(F21,'Earth curves'!$A$2:$A$46,1),1)))))) | S21: =MEDIAN(0.307692,Q21+MEDIAN(-0.350583,O21+NORMSINV(H21)*0.064828*Config!$B$3,0.120277),0.993846) | T21: =ROUND(Config!$B$7+(Config!$B$8-Config!$B$7)*S21,1) | V21: =IF(U21="",T21,U21) | W21: =MEDIAN(0.05,R21+MEDIAN(-0.302219,P21+NORMSINV(I21)*0.089531*Config!$B$3,0.274961),0.999) | X21: =(INDEX('Earth curves'!$F$2:$F$46,MAX(1,MIN(44,IFERROR(MATCH(W21,'Earth curves'!$E$2:$E$46,1),1))))+(W21-INDEX('Earth curves'!$E$2:$E$46,MAX(1,MIN(44,IFERROR(MATCH(W21,'Earth curves'!$E$2:$E$46,1),1)))))*(INDEX('Earth curves'!$F$2:$F$46,MAX(1,MIN(44,IFERROR(MATCH(W21,'Earth curves'!$E$2:$E$46,1),1)))+1)-INDEX('Earth curves'!$F$2:$F$46,MAX(1,MIN(44,IFERROR(MATCH(W21,'Earth curves'!$E$2:$E$46,1),1)))))/(INDEX('Earth curves'!$E$2:$E$46,MAX(1,MIN(44,IFERROR(MATCH(W21,'Earth curves'!$E$2:$E$46,1),1)))+1)-INDEX('Earth curves'!$E$2:$E$46,MAX(1,MIN(44,IFERROR(MATCH(W21,'Earth curves'!$E$2:$E$46,1),1)))))) | Y21: =(INDEX('Earth curves'!$G$2:$G$46,MAX(1,MIN(44,IFERROR(MATCH(W21,'Earth curves'!$E$2:$E$46,1),1))))+(W21-INDEX('Earth curves'!$E$2:$E$46,MAX(1,MIN(44,IFERROR(MATCH(W21,'Earth curves'!$E$2:$E$46,1),1)))))*(INDEX('Earth curves'!$G$2:$G$46,MAX(1,MIN(44,IFERROR(MATCH(W21,'Earth curves'!$E$2:$E$46,1),1)))+1)-INDEX('Earth curves'!$G$2:$G$46,MAX(1,MIN(44,IFERROR(MATCH(W21,'Earth curves'!$E$2:$E$46,1),1)))))/(INDEX('Earth curves'!$E$2:$E$46,MAX(1,MIN(44,IFERROR(MATCH(W21,'Earth curves'!$E$2:$E$46,1),1)))+1)-INDEX('Earth curves'!$E$2:$E$46,MAX(1,MIN(44,IFERROR(MATCH(W21,'Earth curves'!$E$2:$E$46,1),1)))))) | Z21: =(MIN(X21/Config!$B$9,1)+MIN(Y21/Config!$B$10,1))/2 | AA21: =ROUND(MIN(22,MAX(3,X21*W21/Z21)),1) | AC21: =IF(AB21="",AA21,AB21) | AD21: =ROUND(MIN(Config!$B$10,MAX(1,Y21*W21/Z21)),1) | AF21: =IF(AE21="",AD21,AE21) | AG21: =(V21-Config!$B$7)/(Config!$B$8-Config!$B$7) | AH21: =(MIN(AC21/Config!$B$9,1)+MIN(AF21/Config!$B$10,1))/2 | AI21: =ROUND((AG21*AH21*G21)^(1/3),3) | AJ21: 0.659 | AK21: =AI21-AJ21 | AL21: =AK21-AVERAGE($AK$2:$AK$173) | AM21: =IF(ABS(AL21)>Config!$B$11,"REVIEW","") | AN21: =RANK(AI21,$AI$2:$AI$173) | AO21: =RANK(AJ21,$AJ$2:$AJ$173) | AP21: 21
A22: Curata | B22: Atirha | C22: — | D22: 89841 | E22: =D22*Config!$B$4 | F22: =LN(MAX(60,E22)) | G22: =MEDIAN(0,(F22-LN(Config!$B$5))/(LN(Config!$B$6)-LN(Config!$B$5)),1) | H22: =MOD((Config!$B$2+$AP22*7919)*9301+49297,233280)/233280 | I22: =MOD((Config!$B$2+$AP22*104729)*4096+150889,714025)/714025 | J22: =MOD((Config!$B$2*31+$AP22*15485863)*1366+150889,714025)/714025 | K22: 0.078174 | L22: -0.063904 | M22: =COUNTIF(Siblings!$A$2:$A$84,B22) | N22: =1+INT(J22*M22) | O22: =IF(K22<>"",K22,IFERROR(INDEX(Siblings!$D$2:$D$84,MATCH(B22&"|"&N22,Siblings!$F$2:$F$84,0)),0)) | P22: =IF(L22<>"",L22,IFERROR(INDEX(Siblings!$E$2:$E$84,MATCH(B22&"|"&N22,Siblings!$F$2:$F$84,0)),0)) | Q22: =(INDEX('Earth curves'!$B$2:$B$46,MAX(1,MIN(44,IFERROR(MATCH(F22,'Earth curves'!$A$2:$A$46,1),1))))+(F22-INDEX('Earth curves'!$A$2:$A$46,MAX(1,MIN(44,IFERROR(MATCH(F22,'Earth curves'!$A$2:$A$46,1),1)))))*(INDEX('Earth curves'!$B$2:$B$46,MAX(1,MIN(44,IFERROR(MATCH(F22,'Earth curves'!$A$2:$A$46,1),1)))+1)-INDEX('Earth curves'!$B$2:$B$46,MAX(1,MIN(44,IFERROR(MATCH(F22,'Earth curves'!$A$2:$A$46,1),1)))))/(INDEX('Earth curves'!$A$2:$A$46,MAX(1,MIN(44,IFERROR(MATCH(F22,'Earth curves'!$A$2:$A$46,1),1)))+1)-INDEX('Earth curves'!$A$2:$A$46,MAX(1,MIN(44,IFERROR(MATCH(F22,'Earth curves'!$A$2:$A$46,1),1)))))) | R22: =(INDEX('Earth curves'!$C$2:$C$46,MAX(1,MIN(44,IFERROR(MATCH(F22,'Earth curves'!$A$2:$A$46,1),1))))+(F22-INDEX('Earth curves'!$A$2:$A$46,MAX(1,MIN(44,IFERROR(MATCH(F22,'Earth curves'!$A$2:$A$46,1),1)))))*(INDEX('Earth curves'!$C$2:$C$46,MAX(1,MIN(44,IFERROR(MATCH(F22,'Earth curves'!$A$2:$A$46,1),1)))+1)-INDEX('Earth curves'!$C$2:$C$46,MAX(1,MIN(44,IFERROR(MATCH(F22,'Earth curves'!$A$2:$A$46,1),1)))))/(INDEX('Earth curves'!$A$2:$A$46,MAX(1,MIN(44,IFERROR(MATCH(F22,'Earth curves'!$A$2:$A$46,1),1)))+1)-INDEX('Earth curves'!$A$2:$A$46,MAX(1,MIN(44,IFERROR(MATCH(F22,'Earth curves'!$A$2:$A$46,1),1)))))) | S22: =MEDIAN(0.307692,Q22+MEDIAN(-0.350583,O22+NORMSINV(H22)*0.064828*Config!$B$3,0.120277),0.993846) | T22: =ROUND(Config!$B$7+(Config!$B$8-Config!$B$7)*S22,1) | V22: =IF(U22="",T22,U22) | W22: =MEDIAN(0.05,R22+MEDIAN(-0.302219,P22+NORMSINV(I22)*0.089531*Config!$B$3,0.274961),0.999) | X22: =(INDEX('Earth curves'!$F$2:$F$46,MAX(1,MIN(44,IFERROR(MATCH(W22,'Earth curves'!$E$2:$E$46,1),1))))+(W22-INDEX('Earth curves'!$E$2:$E$46,MAX(1,MIN(44,IFERROR(MATCH(W22,'Earth curves'!$E$2:$E$46,1),1)))))*(INDEX('Earth curves'!$F$2:$F$46,MAX(1,MIN(44,IFERROR(MATCH(W22,'Earth curves'!$E$2:$E$46,1),1)))+1)-INDEX('Earth curves'!$F$2:$F$46,MAX(1,MIN(44,IFERROR(MATCH(W22,'Earth curves'!$E$2:$E$46,1),1)))))/(INDEX('Earth curves'!$E$2:$E$46,MAX(1,MIN(44,IFERROR(MATCH(W22,'Earth curves'!$E$2:$E$46,1),1)))+1)-INDEX('Earth curves'!$E$2:$E$46,MAX(1,MIN(44,IFERROR(MATCH(W22,'Earth curves'!$E$2:$E$46,1),1)))))) | Y22: =(INDEX('Earth curves'!$G$2:$G$46,MAX(1,MIN(44,IFERROR(MATCH(W22,'Earth curves'!$E$2:$E$46,1),1))))+(W22-INDEX('Earth curves'!$E$2:$E$46,MAX(1,MIN(44,IFERROR(MATCH(W22,'Earth curves'!$E$2:$E$46,1),1)))))*(INDEX('Earth curves'!$G$2:$G$46,MAX(1,MIN(44,IFERROR(MATCH(W22,'Earth curves'!$E$2:$E$46,1),1)))+1)-INDEX('Earth curves'!$G$2:$G$46,MAX(1,MIN(44,IFERROR(MATCH(W22,'Earth curves'!$E$2:$E$46,1),1)))))/(INDEX('Earth curves'!$E$2:$E$46,MAX(1,MIN(44,IFERROR(MATCH(W22,'Earth curves'!$E$2:$E$46,1),1)))+1)-INDEX('Earth curves'!$E$2:$E$46,MAX(1,MIN(44,IFERROR(MATCH(W22,'Earth curves'!$E$2:$E$46,1),1)))))) | Z22: =(MIN(X22/Config!$B$9,1)+MIN(Y22/Config!$B$10,1))/2 | AA22: =ROUND(MIN(22,MAX(3,X22*W22/Z22)),1) | AC22: =IF(AB22="",AA22,AB22) | AD22: =ROUND(MIN(Config!$B$10,MAX(1,Y22*W22/Z22)),1) | AF22: =IF(AE22="",AD22,AE22) | AG22: =(V22-Config!$B$7)/(Config!$B$8-Config!$B$7) | AH22: =(MIN(AC22/Config!$B$9,1)+MIN(AF22/Config!$B$10,1))/2 | AI22: =ROUND((AG22*AH22*G22)^(1/3),3) | AJ22: 0.856 | AK22: =AI22-AJ22 | AL22: =AK22-AVERAGE($AK$2:$AK$173) | AM22: =IF(ABS(AL22)>Config!$B$11,"REVIEW","") | AN22: =RANK(AI22,$AI$2:$AI$173) | AO22: =RANK(AJ22,$AJ$2:$AJ$173) | AP22: 22
A23: Dahe | B23: Massir | C23: resource, tradehub, university | D23: 86040 | E23: =D23*Config!$B$4 | F23: =LN(MAX(60,E23)) | G23: =MEDIAN(0,(F23-LN(Config!$B$5))/(LN(Config!$B$6)-LN(Config!$B$5)),1) | H23: =MOD((Config!$B$2+$AP23*7919)*9301+49297,233280)/233280 | I23: =MOD((Config!$B$2+$AP23*104729)*4096+150889,714025)/714025 | J23: =MOD((Config!$B$2*31+$AP23*15485863)*1366+150889,714025)/714025 | M23: =COUNTIF(Siblings!$A$2:$A$84,B23) | N23: =1+INT(J23*M23) | O23: =IF(K23<>"",K23,IFERROR(INDEX(Siblings!$D$2:$D$84,MATCH(B23&"|"&N23,Siblings!$F$2:$F$84,0)),0)) | P23: =IF(L23<>"",L23,IFERROR(INDEX(Siblings!$E$2:$E$84,MATCH(B23&"|"&N23,Siblings!$F$2:$F$84,0)),0)) | Q23: =(INDEX('Earth curves'!$B$2:$B$46,MAX(1,MIN(44,IFERROR(MATCH(F23,'Earth curves'!$A$2:$A$46,1),1))))+(F23-INDEX('Earth curves'!$A$2:$A$46,MAX(1,MIN(44,IFERROR(MATCH(F23,'Earth curves'!$A$2:$A$46,1),1)))))*(INDEX('Earth curves'!$B$2:$B$46,MAX(1,MIN(44,IFERROR(MATCH(F23,'Earth curves'!$A$2:$A$46,1),1)))+1)-INDEX('Earth curves'!$B$2:$B$46,MAX(1,MIN(44,IFERROR(MATCH(F23,'Earth curves'!$A$2:$A$46,1),1)))))/(INDEX('Earth curves'!$A$2:$A$46,MAX(1,MIN(44,IFERROR(MATCH(F23,'Earth curves'!$A$2:$A$46,1),1)))+1)-INDEX('Earth curves'!$A$2:$A$46,MAX(1,MIN(44,IFERROR(MATCH(F23,'Earth curves'!$A$2:$A$46,1),1)))))) | R23: =(INDEX('Earth curves'!$C$2:$C$46,MAX(1,MIN(44,IFERROR(MATCH(F23,'Earth curves'!$A$2:$A$46,1),1))))+(F23-INDEX('Earth curves'!$A$2:$A$46,MAX(1,MIN(44,IFERROR(MATCH(F23,'Earth curves'!$A$2:$A$46,1),1)))))*(INDEX('Earth curves'!$C$2:$C$46,MAX(1,MIN(44,IFERROR(MATCH(F23,'Earth curves'!$A$2:$A$46,1),1)))+1)-INDEX('Earth curves'!$C$2:$C$46,MAX(1,MIN(44,IFERROR(MATCH(F23,'Earth curves'!$A$2:$A$46,1),1)))))/(INDEX('Earth curves'!$A$2:$A$46,MAX(1,MIN(44,IFERROR(MATCH(F23,'Earth curves'!$A$2:$A$46,1),1)))+1)-INDEX('Earth curves'!$A$2:$A$46,MAX(1,MIN(44,IFERROR(MATCH(F23,'Earth curves'!$A$2:$A$46,1),1)))))) | S23: =MEDIAN(0.307692,Q23+MEDIAN(-0.350583,O23+NORMSINV(H23)*0.064828*Config!$B$3,0.120277),0.993846) | T23: =ROUND(Config!$B$7+(Config!$B$8-Config!$B$7)*S23,1) | V23: =IF(U23="",T23,U23) | W23: =MEDIAN(0.05,R23+MEDIAN(-0.302219,P23+NORMSINV(I23)*0.089531*Config!$B$3,0.274961),0.999) | X23: =(INDEX('Earth curves'!$F$2:$F$46,MAX(1,MIN(44,IFERROR(MATCH(W23,'Earth curves'!$E$2:$E$46,1),1))))+(W23-INDEX('Earth curves'!$E$2:$E$46,MAX(1,MIN(44,IFERROR(MATCH(W23,'Earth curves'!$E$2:$E$46,1),1)))))*(INDEX('Earth curves'!$F$2:$F$46,MAX(1,MIN(44,IFERROR(MATCH(W23,'Earth curves'!$E$2:$E$46,1),1)))+1)-INDEX('Earth curves'!$F$2:$F$46,MAX(1,MIN(44,IFERROR(MATCH(W23,'Earth curves'!$E$2:$E$46,1),1)))))/(INDEX('Earth curves'!$E$2:$E$46,MAX(1,MIN(44,IFERROR(MATCH(W23,'Earth curves'!$E$2:$E$46,1),1)))+1)-INDEX('Earth curves'!$E$2:$E$46,MAX(1,MIN(44,IFERROR(MATCH(W23,'Earth curves'!$E$2:$E$46,1),1)))))) | Y23: =(INDEX('Earth curves'!$G$2:$G$46,MAX(1,MIN(44,IFERROR(MATCH(W23,'Earth curves'!$E$2:$E$46,1),1))))+(W23-INDEX('Earth curves'!$E$2:$E$46,MAX(1,MIN(44,IFERROR(MATCH(W23,'Earth curves'!$E$2:$E$46,1),1)))))*(INDEX('Earth curves'!$G$2:$G$46,MAX(1,MIN(44,IFERROR(MATCH(W23,'Earth curves'!$E$2:$E$46,1),1)))+1)-INDEX('Earth curves'!$G$2:$G$46,MAX(1,MIN(44,IFERROR(MATCH(W23,'Earth curves'!$E$2:$E$46,1),1)))))/(INDEX('Earth curves'!$E$2:$E$46,MAX(1,MIN(44,IFERROR(MATCH(W23,'Earth curves'!$E$2:$E$46,1),1)))+1)-INDEX('Earth curves'!$E$2:$E$46,MAX(1,MIN(44,IFERROR(MATCH(W23,'Earth curves'!$E$2:$E$46,1),1)))))) | Z23: =(MIN(X23/Config!$B$9,1)+MIN(Y23/Config!$B$10,1))/2 | AA23: =ROUND(MIN(22,MAX(3,X23*W23/Z23)),1) | AC23: =IF(AB23="",AA23,AB23) | AD23: =ROUND(MIN(Config!$B$10,MAX(1,Y23*W23/Z23)),1) | AF23: =IF(AE23="",AD23,AE23) | AG23: =(V23-Config!$B$7)/(Config!$B$8-Config!$B$7) | AH23: =(MIN(AC23/Config!$B$9,1)+MIN(AF23/Config!$B$10,1))/2 | AI23: =ROUND((AG23*AH23*G23)^(1/3),3) | AJ23: 0.895 | AK23: =AI23-AJ23 | AL23: =AK23-AVERAGE($AK$2:$AK$173) | AM23: =IF(ABS(AL23)>Config!$B$11,"REVIEW","") | AN23: =RANK(AI23,$AI$2:$AI$173) | AO23: =RANK(AJ23,$AJ$2:$AJ$173) | AP23: 23
A24: Danocia | B24: Ayuma | C24: militarised | D24: 21587 | E24: =D24*Config!$B$4 | F24: =LN(MAX(60,E24)) | G24: =MEDIAN(0,(F24-LN(Config!$B$5))/(LN(Config!$B$6)-LN(Config!$B$5)),1) | H24: =MOD((Config!$B$2+$AP24*7919)*9301+49297,233280)/233280 | I24: =MOD((Config!$B$2+$AP24*104729)*4096+150889,714025)/714025 | J24: =MOD((Config!$B$2*31+$AP24*15485863)*1366+150889,714025)/714025 | M24: =COUNTIF(Siblings!$A$2:$A$84,B24) | N24: =1+INT(J24*M24) | O24: =IF(K24<>"",K24,IFERROR(INDEX(Siblings!$D$2:$D$84,MATCH(B24&"|"&N24,Siblings!$F$2:$F$84,0)),0)) | P24: =IF(L24<>"",L24,IFERROR(INDEX(Siblings!$E$2:$E$84,MATCH(B24&"|"&N24,Siblings!$F$2:$F$84,0)),0)) | Q24: =(INDEX('Earth curves'!$B$2:$B$46,MAX(1,MIN(44,IFERROR(MATCH(F24,'Earth curves'!$A$2:$A$46,1),1))))+(F24-INDEX('Earth curves'!$A$2:$A$46,MAX(1,MIN(44,IFERROR(MATCH(F24,'Earth curves'!$A$2:$A$46,1),1)))))*(INDEX('Earth curves'!$B$2:$B$46,MAX(1,MIN(44,IFERROR(MATCH(F24,'Earth curves'!$A$2:$A$46,1),1)))+1)-INDEX('Earth curves'!$B$2:$B$46,MAX(1,MIN(44,IFERROR(MATCH(F24,'Earth curves'!$A$2:$A$46,1),1)))))/(INDEX('Earth curves'!$A$2:$A$46,MAX(1,MIN(44,IFERROR(MATCH(F24,'Earth curves'!$A$2:$A$46,1),1)))+1)-INDEX('Earth curves'!$A$2:$A$46,MAX(1,MIN(44,IFERROR(MATCH(F24,'Earth curves'!$A$2:$A$46,1),1)))))) | R24: =(INDEX('Earth curves'!$C$2:$C$46,MAX(1,MIN(44,IFERROR(MATCH(F24,'Earth curves'!$A$2:$A$46,1),1))))+(F24-INDEX('Earth curves'!$A$2:$A$46,MAX(1,MIN(44,IFERROR(MATCH(F24,'Earth curves'!$A$2:$A$46,1),1)))))*(INDEX('Earth curves'!$C$2:$C$46,MAX(1,MIN(44,IFERROR(MATCH(F24,'Earth curves'!$A$2:$A$46,1),1)))+1)-INDEX('Earth curves'!$C$2:$C$46,MAX(1,MIN(44,IFERROR(MATCH(F24,'Earth curves'!$A$2:$A$46,1),1)))))/(INDEX('Earth curves'!$A$2:$A$46,MAX(1,MIN(44,IFERROR(MATCH(F24,'Earth curves'!$A$2:$A$46,1),1)))+1)-INDEX('Earth curves'!$A$2:$A$46,MAX(1,MIN(44,IFERROR(MATCH(F24,'Earth curves'!$A$2:$A$46,1),1)))))) | S24: =MEDIAN(0.307692,Q24+MEDIAN(-0.350583,O24+NORMSINV(H24)*0.064828*Config!$B$3,0.120277),0.993846) | T24: =ROUND(Config!$B$7+(Config!$B$8-Config!$B$7)*S24,1) | V24: =IF(U24="",T24,U24) | W24: =MEDIAN(0.05,R24+MEDIAN(-0.302219,P24+NORMSINV(I24)*0.089531*Config!$B$3,0.274961),0.999) | X24: =(INDEX('Earth curves'!$F$2:$F$46,MAX(1,MIN(44,IFERROR(MATCH(W24,'Earth curves'!$E$2:$E$46,1),1))))+(W24-INDEX('Earth curves'!$E$2:$E$46,MAX(1,MIN(44,IFERROR(MATCH(W24,'Earth curves'!$E$2:$E$46,1),1)))))*(INDEX('Earth curves'!$F$2:$F$46,MAX(1,MIN(44,IFERROR(MATCH(W24,'Earth curves'!$E$2:$E$46,1),1)))+1)-INDEX('Earth curves'!$F$2:$F$46,MAX(1,MIN(44,IFERROR(MATCH(W24,'Earth curves'!$E$2:$E$46,1),1)))))/(INDEX('Earth curves'!$E$2:$E$46,MAX(1,MIN(44,IFERROR(MATCH(W24,'Earth curves'!$E$2:$E$46,1),1)))+1)-INDEX('Earth curves'!$E$2:$E$46,MAX(1,MIN(44,IFERROR(MATCH(W24,'Earth curves'!$E$2:$E$46,1),1)))))) | Y24: =(INDEX('Earth curves'!$G$2:$G$46,MAX(1,MIN(44,IFERROR(MATCH(W24,'Earth curves'!$E$2:$E$46,1),1))))+(W24-INDEX('Earth curves'!$E$2:$E$46,MAX(1,MIN(44,IFERROR(MATCH(W24,'Earth curves'!$E$2:$E$46,1),1)))))*(INDEX('Earth curves'!$G$2:$G$46,MAX(1,MIN(44,IFERROR(MATCH(W24,'Earth curves'!$E$2:$E$46,1),1)))+1)-INDEX('Earth curves'!$G$2:$G$46,MAX(1,MIN(44,IFERROR(MATCH(W24,'Earth curves'!$E$2:$E$46,1),1)))))/(INDEX('Earth curves'!$E$2:$E$46,MAX(1,MIN(44,IFERROR(MATCH(W24,'Earth curves'!$E$2:$E$46,1),1)))+1)-INDEX('Earth curves'!$E$2:$E$46,MAX(1,MIN(44,IFERROR(MATCH(W24,'Earth curves'!$E$2:$E$46,1),1)))))) | Z24: =(MIN(X24/Config!$B$9,1)+MIN(Y24/Config!$B$10,1))/2 | AA24: =ROUND(MIN(22,MAX(3,X24*W24/Z24)),1) | AC24: =IF(AB24="",AA24,AB24) | AD24: =ROUND(MIN(Config!$B$10,MAX(1,Y24*W24/Z24)),1) | AF24: =IF(AE24="",AD24,AE24) | AG24: =(V24-Config!$B$7)/(Config!$B$8-Config!$B$7) | AH24: =(MIN(AC24/Config!$B$9,1)+MIN(AF24/Config!$B$10,1))/2 | AI24: =ROUND((AG24*AH24*G24)^(1/3),3) | AJ24: 0.741 | AK24: =AI24-AJ24 | AL24: =AK24-AVERAGE($AK$2:$AK$173) | AM24: =IF(ABS(AL24)>Config!$B$11,"REVIEW","") | AN24: =RANK(AI24,$AI$2:$AI$173) | AO24: =RANK(AJ24,$AJ$2:$AJ$173) | AP24: 24
A25: Darewa | B25: Ayuma | C25: resource | D25: 89841 | E25: =D25*Config!$B$4 | F25: =LN(MAX(60,E25)) | G25: =MEDIAN(0,(F25-LN(Config!$B$5))/(LN(Config!$B$6)-LN(Config!$B$5)),1) | H25: =MOD((Config!$B$2+$AP25*7919)*9301+49297,233280)/233280 | I25: =MOD((Config!$B$2+$AP25*104729)*4096+150889,714025)/714025 | J25: =MOD((Config!$B$2*31+$AP25*15485863)*1366+150889,714025)/714025 | K25: 0.013333 | L25: 0.093286 | M25: =COUNTIF(Siblings!$A$2:$A$84,B25) | N25: =1+INT(J25*M25) | O25: =IF(K25<>"",K25,IFERROR(INDEX(Siblings!$D$2:$D$84,MATCH(B25&"|"&N25,Siblings!$F$2:$F$84,0)),0)) | P25: =IF(L25<>"",L25,IFERROR(INDEX(Siblings!$E$2:$E$84,MATCH(B25&"|"&N25,Siblings!$F$2:$F$84,0)),0)) | Q25: =(INDEX('Earth curves'!$B$2:$B$46,MAX(1,MIN(44,IFERROR(MATCH(F25,'Earth curves'!$A$2:$A$46,1),1))))+(F25-INDEX('Earth curves'!$A$2:$A$46,MAX(1,MIN(44,IFERROR(MATCH(F25,'Earth curves'!$A$2:$A$46,1),1)))))*(INDEX('Earth curves'!$B$2:$B$46,MAX(1,MIN(44,IFERROR(MATCH(F25,'Earth curves'!$A$2:$A$46,1),1)))+1)-INDEX('Earth curves'!$B$2:$B$46,MAX(1,MIN(44,IFERROR(MATCH(F25,'Earth curves'!$A$2:$A$46,1),1)))))/(INDEX('Earth curves'!$A$2:$A$46,MAX(1,MIN(44,IFERROR(MATCH(F25,'Earth curves'!$A$2:$A$46,1),1)))+1)-INDEX('Earth curves'!$A$2:$A$46,MAX(1,MIN(44,IFERROR(MATCH(F25,'Earth curves'!$A$2:$A$46,1),1)))))) | R25: =(INDEX('Earth curves'!$C$2:$C$46,MAX(1,MIN(44,IFERROR(MATCH(F25,'Earth curves'!$A$2:$A$46,1),1))))+(F25-INDEX('Earth curves'!$A$2:$A$46,MAX(1,MIN(44,IFERROR(MATCH(F25,'Earth curves'!$A$2:$A$46,1),1)))))*(INDEX('Earth curves'!$C$2:$C$46,MAX(1,MIN(44,IFERROR(MATCH(F25,'Earth curves'!$A$2:$A$46,1),1)))+1)-INDEX('Earth curves'!$C$2:$C$46,MAX(1,MIN(44,IFERROR(MATCH(F25,'Earth curves'!$A$2:$A$46,1),1)))))/(INDEX('Earth curves'!$A$2:$A$46,MAX(1,MIN(44,IFERROR(MATCH(F25,'Earth curves'!$A$2:$A$46,1),1)))+1)-INDEX('Earth curves'!$A$2:$A$46,MAX(1,MIN(44,IFERROR(MATCH(F25,'Earth curves'!$A$2:$A$46,1),1)))))) | S25: =MEDIAN(0.307692,Q25+MEDIAN(-0.350583,O25+NORMSINV(H25)*0.064828*Config!$B$3,0.120277),0.993846) | T25: =ROUND(Config!$B$7+(Config!$B$8-Config!$B$7)*S25,1) | V25: =IF(U25="",T25,U25) | W25: =MEDIAN(0.05,R25+MEDIAN(-0.302219,P25+NORMSINV(I25)*0.089531*Config!$B$3,0.274961),0.999) | X25: =(INDEX('Earth curves'!$F$2:$F$46,MAX(1,MIN(44,IFERROR(MATCH(W25,'Earth curves'!$E$2:$E$46,1),1))))+(W25-INDEX('Earth curves'!$E$2:$E$46,MAX(1,MIN(44,IFERROR(MATCH(W25,'Earth curves'!$E$2:$E$46,1),1)))))*(INDEX('Earth curves'!$F$2:$F$46,MAX(1,MIN(44,IFERROR(MATCH(W25,'Earth curves'!$E$2:$E$46,1),1)))+1)-INDEX('Earth curves'!$F$2:$F$46,MAX(1,MIN(44,IFERROR(MATCH(W25,'Earth curves'!$E$2:$E$46,1),1)))))/(INDEX('Earth curves'!$E$2:$E$46,MAX(1,MIN(44,IFERROR(MATCH(W25,'Earth curves'!$E$2:$E$46,1),1)))+1)-INDEX('Earth curves'!$E$2:$E$46,MAX(1,MIN(44,IFERROR(MATCH(W25,'Earth curves'!$E$2:$E$46,1),1)))))) | Y25: =(INDEX('Earth curves'!$G$2:$G$46,MAX(1,MIN(44,IFERROR(MATCH(W25,'Earth curves'!$E$2:$E$46,1),1))))+(W25-INDEX('Earth curves'!$E$2:$E$46,MAX(1,MIN(44,IFERROR(MATCH(W25,'Earth curves'!$E$2:$E$46,1),1)))))*(INDEX('Earth curves'!$G$2:$G$46,MAX(1,MIN(44,IFERROR(MATCH(W25,'Earth curves'!$E$2:$E$46,1),1)))+1)-INDEX('Earth curves'!$G$2:$G$46,MAX(1,MIN(44,IFERROR(MATCH(W25,'Earth curves'!$E$2:$E$46,1),1)))))/(INDEX('Earth curves'!$E$2:$E$46,MAX(1,MIN(44,IFERROR(MATCH(W25,'Earth curves'!$E$2:$E$46,1),1)))+1)-INDEX('Earth curves'!$E$2:$E$46,MAX(1,MIN(44,IFERROR(MATCH(W25,'Earth curves'!$E$2:$E$46,1),1)))))) | Z25: =(MIN(X25/Config!$B$9,1)+MIN(Y25/Config!$B$10,1))/2 | AA25: =ROUND(MIN(22,MAX(3,X25*W25/Z25)),1) | AC25: =IF(AB25="",AA25,AB25) | AD25: =ROUND(MIN(Config!$B$10,MAX(1,Y25*W25/Z25)),1) | AF25: =IF(AE25="",AD25,AE25) | AG25: =(V25-Config!$B$7)/(Config!$B$8-Config!$B$7) | AH25: =(MIN(AC25/Config!$B$9,1)+MIN(AF25/Config!$B$10,1))/2 | AI25: =ROUND((AG25*AH25*G25)^(1/3),3) | AJ25: 0.836 | AK25: =AI25-AJ25 | AL25: =AK25-AVERAGE($AK$2:$AK$173) | AM25: =IF(ABS(AL25)>Config!$B$11,"REVIEW","") | AN25: =RANK(AI25,$AI$2:$AI$173) | AO25: =RANK(AJ25,$AJ$2:$AJ$173) | AP25: 25
A26: Desaki | B26: Quia | C26: petro, resource | D26: 112381 | E26: =D26*Config!$B$4 | F26: =LN(MAX(60,E26)) | G26: =MEDIAN(0,(F26-LN(Config!$B$5))/(LN(Config!$B$6)-LN(Config!$B$5)),1) | H26: =MOD((Config!$B$2+$AP26*7919)*9301+49297,233280)/233280 | I26: =MOD((Config!$B$2+$AP26*104729)*4096+150889,714025)/714025 | J26: =MOD((Config!$B$2*31+$AP26*15485863)*1366+150889,714025)/714025 | K26: 0.016028 | L26: 0.077302 | M26: =COUNTIF(Siblings!$A$2:$A$84,B26) | N26: =1+INT(J26*M26) | O26: =IF(K26<>"",K26,IFERROR(INDEX(Siblings!$D$2:$D$84,MATCH(B26&"|"&N26,Siblings!$F$2:$F$84,0)),0)) | P26: =IF(L26<>"",L26,IFERROR(INDEX(Siblings!$E$2:$E$84,MATCH(B26&"|"&N26,Siblings!$F$2:$F$84,0)),0)) | Q26: =(INDEX('Earth curves'!$B$2:$B$46,MAX(1,MIN(44,IFERROR(MATCH(F26,'Earth curves'!$A$2:$A$46,1),1))))+(F26-INDEX('Earth curves'!$A$2:$A$46,MAX(1,MIN(44,IFERROR(MATCH(F26,'Earth curves'!$A$2:$A$46,1),1)))))*(INDEX('Earth curves'!$B$2:$B$46,MAX(1,MIN(44,IFERROR(MATCH(F26,'Earth curves'!$A$2:$A$46,1),1)))+1)-INDEX('Earth curves'!$B$2:$B$46,MAX(1,MIN(44,IFERROR(MATCH(F26,'Earth curves'!$A$2:$A$46,1),1)))))/(INDEX('Earth curves'!$A$2:$A$46,MAX(1,MIN(44,IFERROR(MATCH(F26,'Earth curves'!$A$2:$A$46,1),1)))+1)-INDEX('Earth curves'!$A$2:$A$46,MAX(1,MIN(44,IFERROR(MATCH(F26,'Earth curves'!$A$2:$A$46,1),1)))))) | R26: =(INDEX('Earth curves'!$C$2:$C$46,MAX(1,MIN(44,IFERROR(MATCH(F26,'Earth curves'!$A$2:$A$46,1),1))))+(F26-INDEX('Earth curves'!$A$2:$A$46,MAX(1,MIN(44,IFERROR(MATCH(F26,'Earth curves'!$A$2:$A$46,1),1)))))*(INDEX('Earth curves'!$C$2:$C$46,MAX(1,MIN(44,IFERROR(MATCH(F26,'Earth curves'!$A$2:$A$46,1),1)))+1)-INDEX('Earth curves'!$C$2:$C$46,MAX(1,MIN(44,IFERROR(MATCH(F26,'Earth curves'!$A$2:$A$46,1),1)))))/(INDEX('Earth curves'!$A$2:$A$46,MAX(1,MIN(44,IFERROR(MATCH(F26,'Earth curves'!$A$2:$A$46,1),1)))+1)-INDEX('Earth curves'!$A$2:$A$46,MAX(1,MIN(44,IFERROR(MATCH(F26,'Earth curves'!$A$2:$A$46,1),1)))))) | S26: =MEDIAN(0.307692,Q26+MEDIAN(-0.350583,O26+NORMSINV(H26)*0.064828*Config!$B$3,0.120277),0.993846) | T26: =ROUND(Config!$B$7+(Config!$B$8-Config!$B$7)*S26,1) | V26: =IF(U26="",T26,U26) | W26: =MEDIAN(0.05,R26+MEDIAN(-0.302219,P26+NORMSINV(I26)*0.089531*Config!$B$3,0.274961),0.999) | X26: =(INDEX('Earth curves'!$F$2:$F$46,MAX(1,MIN(44,IFERROR(MATCH(W26,'Earth curves'!$E$2:$E$46,1),1))))+(W26-INDEX('Earth curves'!$E$2:$E$46,MAX(1,MIN(44,IFERROR(MATCH(W26,'Earth curves'!$E$2:$E$46,1),1)))))*(INDEX('Earth curves'!$F$2:$F$46,MAX(1,MIN(44,IFERROR(MATCH(W26,'Earth curves'!$E$2:$E$46,1),1)))+1)-INDEX('Earth curves'!$F$2:$F$46,MAX(1,MIN(44,IFERROR(MATCH(W26,'Earth curves'!$E$2:$E$46,1),1)))))/(INDEX('Earth curves'!$E$2:$E$46,MAX(1,MIN(44,IFERROR(MATCH(W26,'Earth curves'!$E$2:$E$46,1),1)))+1)-INDEX('Earth curves'!$E$2:$E$46,MAX(1,MIN(44,IFERROR(MATCH(W26,'Earth curves'!$E$2:$E$46,1),1)))))) | Y26: =(INDEX('Earth curves'!$G$2:$G$46,MAX(1,MIN(44,IFERROR(MATCH(W26,'Earth curves'!$E$2:$E$46,1),1))))+(W26-INDEX('Earth curves'!$E$2:$E$46,MAX(1,MIN(44,IFERROR(MATCH(W26,'Earth curves'!$E$2:$E$46,1),1)))))*(INDEX('Earth curves'!$G$2:$G$46,MAX(1,MIN(44,IFERROR(MATCH(W26,'Earth curves'!$E$2:$E$46,1),1)))+1)-INDEX('Earth curves'!$G$2:$G$46,MAX(1,MIN(44,IFERROR(MATCH(W26,'Earth curves'!$E$2:$E$46,1),1)))))/(INDEX('Earth curves'!$E$2:$E$46,MAX(1,MIN(44,IFERROR(MATCH(W26,'Earth curves'!$E$2:$E$46,1),1)))+1)-INDEX('Earth curves'!$E$2:$E$46,MAX(1,MIN(44,IFERROR(MATCH(W26,'Earth curves'!$E$2:$E$46,1),1)))))) | Z26: =(MIN(X26/Config!$B$9,1)+MIN(Y26/Config!$B$10,1))/2 | AA26: =ROUND(MIN(22,MAX(3,X26*W26/Z26)),1) | AC26: =IF(AB26="",AA26,AB26) | AD26: =ROUND(MIN(Config!$B$10,MAX(1,Y26*W26/Z26)),1) | AF26: =IF(AE26="",AD26,AE26) | AG26: =(V26-Config!$B$7)/(Config!$B$8-Config!$B$7) | AH26: =(MIN(AC26/Config!$B$9,1)+MIN(AF26/Config!$B$10,1))/2 | AI26: =ROUND((AG26*AH26*G26)^(1/3),3) | AJ26: 0.924 | AK26: =AI26-AJ26 | AL26: =AK26-AVERAGE($AK$2:$AK$173) | AM26: =IF(ABS(AL26)>Config!$B$11,"REVIEW","") | AN26: =RANK(AI26,$AI$2:$AI$173) | AO26: =RANK(AJ26,$AJ$2:$AJ$173) | AP26: 26
A27: Deschon | B27: Acrola | C27: resource | D27: 14571 | E27: =D27*Config!$B$4 | F27: =LN(MAX(60,E27)) | G27: =MEDIAN(0,(F27-LN(Config!$B$5))/(LN(Config!$B$6)-LN(Config!$B$5)),1) | H27: =MOD((Config!$B$2+$AP27*7919)*9301+49297,233280)/233280 | I27: =MOD((Config!$B$2+$AP27*104729)*4096+150889,714025)/714025 | J27: =MOD((Config!$B$2*31+$AP27*15485863)*1366+150889,714025)/714025 | K27: 0.039743 | L27: 0.135052 | M27: =COUNTIF(Siblings!$A$2:$A$84,B27) | N27: =1+INT(J27*M27) | O27: =IF(K27<>"",K27,IFERROR(INDEX(Siblings!$D$2:$D$84,MATCH(B27&"|"&N27,Siblings!$F$2:$F$84,0)),0)) | P27: =IF(L27<>"",L27,IFERROR(INDEX(Siblings!$E$2:$E$84,MATCH(B27&"|"&N27,Siblings!$F$2:$F$84,0)),0)) | Q27: =(INDEX('Earth curves'!$B$2:$B$46,MAX(1,MIN(44,IFERROR(MATCH(F27,'Earth curves'!$A$2:$A$46,1),1))))+(F27-INDEX('Earth curves'!$A$2:$A$46,MAX(1,MIN(44,IFERROR(MATCH(F27,'Earth curves'!$A$2:$A$46,1),1)))))*(INDEX('Earth curves'!$B$2:$B$46,MAX(1,MIN(44,IFERROR(MATCH(F27,'Earth curves'!$A$2:$A$46,1),1)))+1)-INDEX('Earth curves'!$B$2:$B$46,MAX(1,MIN(44,IFERROR(MATCH(F27,'Earth curves'!$A$2:$A$46,1),1)))))/(INDEX('Earth curves'!$A$2:$A$46,MAX(1,MIN(44,IFERROR(MATCH(F27,'Earth curves'!$A$2:$A$46,1),1)))+1)-INDEX('Earth curves'!$A$2:$A$46,MAX(1,MIN(44,IFERROR(MATCH(F27,'Earth curves'!$A$2:$A$46,1),1)))))) | R27: =(INDEX('Earth curves'!$C$2:$C$46,MAX(1,MIN(44,IFERROR(MATCH(F27,'Earth curves'!$A$2:$A$46,1),1))))+(F27-INDEX('Earth curves'!$A$2:$A$46,MAX(1,MIN(44,IFERROR(MATCH(F27,'Earth curves'!$A$2:$A$46,1),1)))))*(INDEX('Earth curves'!$C$2:$C$46,MAX(1,MIN(44,IFERROR(MATCH(F27,'Earth curves'!$A$2:$A$46,1),1)))+1)-INDEX('Earth curves'!$C$2:$C$46,MAX(1,MIN(44,IFERROR(MATCH(F27,'Earth curves'!$A$2:$A$46,1),1)))))/(INDEX('Earth curves'!$A$2:$A$46,MAX(1,MIN(44,IFERROR(MATCH(F27,'Earth curves'!$A$2:$A$46,1),1)))+1)-INDEX('Earth curves'!$A$2:$A$46,MAX(1,MIN(44,IFERROR(MATCH(F27,'Earth curves'!$A$2:$A$46,1),1)))))) | S27: =MEDIAN(0.307692,Q27+MEDIAN(-0.350583,O27+NORMSINV(H27)*0.064828*Config!$B$3,0.120277),0.993846) | T27: =ROUND(Config!$B$7+(Config!$B$8-Config!$B$7)*S27,1) | V27: =IF(U27="",T27,U27) | W27: =MEDIAN(0.05,R27+MEDIAN(-0.302219,P27+NORMSINV(I27)*0.089531*Config!$B$3,0.274961),0.999) | X27: =(INDEX('Earth curves'!$F$2:$F$46,MAX(1,MIN(44,IFERROR(MATCH(W27,'Earth curves'!$E$2:$E$46,1),1))))+(W27-INDEX('Earth curves'!$E$2:$E$46,MAX(1,MIN(44,IFERROR(MATCH(W27,'Earth curves'!$E$2:$E$46,1),1)))))*(INDEX('Earth curves'!$F$2:$F$46,MAX(1,MIN(44,IFERROR(MATCH(W27,'Earth curves'!$E$2:$E$46,1),1)))+1)-INDEX('Earth curves'!$F$2:$F$46,MAX(1,MIN(44,IFERROR(MATCH(W27,'Earth curves'!$E$2:$E$46,1),1)))))/(INDEX('Earth curves'!$E$2:$E$46,MAX(1,MIN(44,IFERROR(MATCH(W27,'Earth curves'!$E$2:$E$46,1),1)))+1)-INDEX('Earth curves'!$E$2:$E$46,MAX(1,MIN(44,IFERROR(MATCH(W27,'Earth curves'!$E$2:$E$46,1),1)))))) | Y27: =(INDEX('Earth curves'!$G$2:$G$46,MAX(1,MIN(44,IFERROR(MATCH(W27,'Earth curves'!$E$2:$E$46,1),1))))+(W27-INDEX('Earth curves'!$E$2:$E$46,MAX(1,MIN(44,IFERROR(MATCH(W27,'Earth curves'!$E$2:$E$46,1),1)))))*(INDEX('Earth curves'!$G$2:$G$46,MAX(1,MIN(44,IFERROR(MATCH(W27,'Earth curves'!$E$2:$E$46,1),1)))+1)-INDEX('Earth curves'!$G$2:$G$46,MAX(1,MIN(44,IFERROR(MATCH(W27,'Earth curves'!$E$2:$E$46,1),1)))))/(INDEX('Earth curves'!$E$2:$E$46,MAX(1,MIN(44,IFERROR(MATCH(W27,'Earth curves'!$E$2:$E$46,1),1)))+1)-INDEX('Earth curves'!$E$2:$E$46,MAX(1,MIN(44,IFERROR(MATCH(W27,'Earth curves'!$E$2:$E$46,1),1)))))) | Z27: =(MIN(X27/Config!$B$9,1)+MIN(Y27/Config!$B$10,1))/2 | AA27: =ROUND(MIN(22,MAX(3,X27*W27/Z27)),1) | AC27: =IF(AB27="",AA27,AB27) | AD27: =ROUND(MIN(Config!$B$10,MAX(1,Y27*W27/Z27)),1) | AF27: =IF(AE27="",AD27,AE27) | AG27: =(V27-Config!$B$7)/(Config!$B$8-Config!$B$7) | AH27: =(MIN(AC27/Config!$B$9,1)+MIN(AF27/Config!$B$10,1))/2 | AI27: =ROUND((AG27*AH27*G27)^(1/3),3) | AJ27: 0.553 | AK27: =AI27-AJ27 | AL27: =AK27-AVERAGE($AK$2:$AK$173) | AM27: =IF(ABS(AL27)>Config!$B$11,"REVIEW","") | AN27: =RANK(AI27,$AI$2:$AI$173) | AO27: =RANK(AJ27,$AJ$2:$AJ$173) | AP27: 27
A28: Disal Nila | B28: Atirha | C28: petro, university | D28: 145397 | E28: =D28*Config!$B$4 | F28: =LN(MAX(60,E28)) | G28: =MEDIAN(0,(F28-LN(Config!$B$5))/(LN(Config!$B$6)-LN(Config!$B$5)),1) | H28: =MOD((Config!$B$2+$AP28*7919)*9301+49297,233280)/233280 | I28: =MOD((Config!$B$2+$AP28*104729)*4096+150889,714025)/714025 | J28: =MOD((Config!$B$2*31+$AP28*15485863)*1366+150889,714025)/714025 | K28: 0.023607 | L28: 0.067838 | M28: =COUNTIF(Siblings!$A$2:$A$84,B28) | N28: =1+INT(J28*M28) | O28: =IF(K28<>"",K28,IFERROR(INDEX(Siblings!$D$2:$D$84,MATCH(B28&"|"&N28,Siblings!$F$2:$F$84,0)),0)) | P28: =IF(L28<>"",L28,IFERROR(INDEX(Siblings!$E$2:$E$84,MATCH(B28&"|"&N28,Siblings!$F$2:$F$84,0)),0)) | Q28: =(INDEX('Earth curves'!$B$2:$B$46,MAX(1,MIN(44,IFERROR(MATCH(F28,'Earth curves'!$A$2:$A$46,1),1))))+(F28-INDEX('Earth curves'!$A$2:$A$46,MAX(1,MIN(44,IFERROR(MATCH(F28,'Earth curves'!$A$2:$A$46,1),1)))))*(INDEX('Earth curves'!$B$2:$B$46,MAX(1,MIN(44,IFERROR(MATCH(F28,'Earth curves'!$A$2:$A$46,1),1)))+1)-INDEX('Earth curves'!$B$2:$B$46,MAX(1,MIN(44,IFERROR(MATCH(F28,'Earth curves'!$A$2:$A$46,1),1)))))/(INDEX('Earth curves'!$A$2:$A$46,MAX(1,MIN(44,IFERROR(MATCH(F28,'Earth curves'!$A$2:$A$46,1),1)))+1)-INDEX('Earth curves'!$A$2:$A$46,MAX(1,MIN(44,IFERROR(MATCH(F28,'Earth curves'!$A$2:$A$46,1),1)))))) | R28: =(INDEX('Earth curves'!$C$2:$C$46,MAX(1,MIN(44,IFERROR(MATCH(F28,'Earth curves'!$A$2:$A$46,1),1))))+(F28-INDEX('Earth curves'!$A$2:$A$46,MAX(1,MIN(44,IFERROR(MATCH(F28,'Earth curves'!$A$2:$A$46,1),1)))))*(INDEX('Earth curves'!$C$2:$C$46,MAX(1,MIN(44,IFERROR(MATCH(F28,'Earth curves'!$A$2:$A$46,1),1)))+1)-INDEX('Earth curves'!$C$2:$C$46,MAX(1,MIN(44,IFERROR(MATCH(F28,'Earth curves'!$A$2:$A$46,1),1)))))/(INDEX('Earth curves'!$A$2:$A$46,MAX(1,MIN(44,IFERROR(MATCH(F28,'Earth curves'!$A$2:$A$46,1),1)))+1)-INDEX('Earth curves'!$A$2:$A$46,MAX(1,MIN(44,IFERROR(MATCH(F28,'Earth curves'!$A$2:$A$46,1),1)))))) | S28: =MEDIAN(0.307692,Q28+MEDIAN(-0.350583,O28+NORMSINV(H28)*0.064828*Config!$B$3,0.120277),0.993846) | T28: =ROUND(Config!$B$7+(Config!$B$8-Config!$B$7)*S28,1) | V28: =IF(U28="",T28,U28) | W28: =MEDIAN(0.05,R28+MEDIAN(-0.302219,P28+NORMSINV(I28)*0.089531*Config!$B$3,0.274961),0.999) | X28: =(INDEX('Earth curves'!$F$2:$F$46,MAX(1,MIN(44,IFERROR(MATCH(W28,'Earth curves'!$E$2:$E$46,1),1))))+(W28-INDEX('Earth curves'!$E$2:$E$46,MAX(1,MIN(44,IFERROR(MATCH(W28,'Earth curves'!$E$2:$E$46,1),1)))))*(INDEX('Earth curves'!$F$2:$F$46,MAX(1,MIN(44,IFERROR(MATCH(W28,'Earth curves'!$E$2:$E$46,1),1)))+1)-INDEX('Earth curves'!$F$2:$F$46,MAX(1,MIN(44,IFERROR(MATCH(W28,'Earth curves'!$E$2:$E$46,1),1)))))/(INDEX('Earth curves'!$E$2:$E$46,MAX(1,MIN(44,IFERROR(MATCH(W28,'Earth curves'!$E$2:$E$46,1),1)))+1)-INDEX('Earth curves'!$E$2:$E$46,MAX(1,MIN(44,IFERROR(MATCH(W28,'Earth curves'!$E$2:$E$46,1),1)))))) | Y28: =(INDEX('Earth curves'!$G$2:$G$46,MAX(1,MIN(44,IFERROR(MATCH(W28,'Earth curves'!$E$2:$E$46,1),1))))+(W28-INDEX('Earth curves'!$E$2:$E$46,MAX(1,MIN(44,IFERROR(MATCH(W28,'Earth curves'!$E$2:$E$46,1),1)))))*(INDEX('Earth curves'!$G$2:$G$46,MAX(1,MIN(44,IFERROR(MATCH(W28,'Earth curves'!$E$2:$E$46,1),1)))+1)-INDEX('Earth curves'!$G$2:$G$46,MAX(1,MIN(44,IFERROR(MATCH(W28,'Earth curves'!$E$2:$E$46,1),1)))))/(INDEX('Earth curves'!$E$2:$E$46,MAX(1,MIN(44,IFERROR(MATCH(W28,'Earth curves'!$E$2:$E$46,1),1)))+1)-INDEX('Earth curves'!$E$2:$E$46,MAX(1,MIN(44,IFERROR(MATCH(W28,'Earth curves'!$E$2:$E$46,1),1)))))) | Z28: =(MIN(X28/Config!$B$9,1)+MIN(Y28/Config!$B$10,1))/2 | AA28: =ROUND(MIN(22,MAX(3,X28*W28/Z28)),1) | AC28: =IF(AB28="",AA28,AB28) | AD28: =ROUND(MIN(Config!$B$10,MAX(1,Y28*W28/Z28)),1) | AF28: =IF(AE28="",AD28,AE28) | AG28: =(V28-Config!$B$7)/(Config!$B$8-Config!$B$7) | AH28: =(MIN(AC28/Config!$B$9,1)+MIN(AF28/Config!$B$10,1))/2 | AI28: =ROUND((AG28*AH28*G28)^(1/3),3) | AJ28: 0.955 | AK28: =AI28-AJ28 | AL28: =AK28-AVERAGE($AK$2:$AK$173) | AM28: =IF(ABS(AL28)>Config!$B$11,"REVIEW","") | AN28: =RANK(AI28,$AI$2:$AI$173) | AO28: =RANK(AJ28,$AJ$2:$AJ$173) | AP28: 28
A29: Dual Cenryia | B29: Mahea | C29: resource | D29: 26381 | E29: =D29*Config!$B$4 | F29: =LN(MAX(60,E29)) | G29: =MEDIAN(0,(F29-LN(Config!$B$5))/(LN(Config!$B$6)-LN(Config!$B$5)),1) | H29: =MOD((Config!$B$2+$AP29*7919)*9301+49297,233280)/233280 | I29: =MOD((Config!$B$2+$AP29*104729)*4096+150889,714025)/714025 | J29: =MOD((Config!$B$2*31+$AP29*15485863)*1366+150889,714025)/714025 | K29: -0.015885 | L29: 0.027851 | M29: =COUNTIF(Siblings!$A$2:$A$84,B29) | N29: =1+INT(J29*M29) | O29: =IF(K29<>"",K29,IFERROR(INDEX(Siblings!$D$2:$D$84,MATCH(B29&"|"&N29,Siblings!$F$2:$F$84,0)),0)) | P29: =IF(L29<>"",L29,IFERROR(INDEX(Siblings!$E$2:$E$84,MATCH(B29&"|"&N29,Siblings!$F$2:$F$84,0)),0)) | Q29: =(INDEX('Earth curves'!$B$2:$B$46,MAX(1,MIN(44,IFERROR(MATCH(F29,'Earth curves'!$A$2:$A$46,1),1))))+(F29-INDEX('Earth curves'!$A$2:$A$46,MAX(1,MIN(44,IFERROR(MATCH(F29,'Earth curves'!$A$2:$A$46,1),1)))))*(INDEX('Earth curves'!$B$2:$B$46,MAX(1,MIN(44,IFERROR(MATCH(F29,'Earth curves'!$A$2:$A$46,1),1)))+1)-INDEX('Earth curves'!$B$2:$B$46,MAX(1,MIN(44,IFERROR(MATCH(F29,'Earth curves'!$A$2:$A$46,1),1)))))/(INDEX('Earth curves'!$A$2:$A$46,MAX(1,MIN(44,IFERROR(MATCH(F29,'Earth curves'!$A$2:$A$46,1),1)))+1)-INDEX('Earth curves'!$A$2:$A$46,MAX(1,MIN(44,IFERROR(MATCH(F29,'Earth curves'!$A$2:$A$46,1),1)))))) | R29: =(INDEX('Earth curves'!$C$2:$C$46,MAX(1,MIN(44,IFERROR(MATCH(F29,'Earth curves'!$A$2:$A$46,1),1))))+(F29-INDEX('Earth curves'!$A$2:$A$46,MAX(1,MIN(44,IFERROR(MATCH(F29,'Earth curves'!$A$2:$A$46,1),1)))))*(INDEX('Earth curves'!$C$2:$C$46,MAX(1,MIN(44,IFERROR(MATCH(F29,'Earth curves'!$A$2:$A$46,1),1)))+1)-INDEX('Earth curves'!$C$2:$C$46,MAX(1,MIN(44,IFERROR(MATCH(F29,'Earth curves'!$A$2:$A$46,1),1)))))/(INDEX('Earth curves'!$A$2:$A$46,MAX(1,MIN(44,IFERROR(MATCH(F29,'Earth curves'!$A$2:$A$46,1),1)))+1)-INDEX('Earth curves'!$A$2:$A$46,MAX(1,MIN(44,IFERROR(MATCH(F29,'Earth curves'!$A$2:$A$46,1),1)))))) | S29: =MEDIAN(0.307692,Q29+MEDIAN(-0.350583,O29+NORMSINV(H29)*0.064828*Config!$B$3,0.120277),0.993846) | T29: =ROUND(Config!$B$7+(Config!$B$8-Config!$B$7)*S29,1) | V29: =IF(U29="",T29,U29) | W29: =MEDIAN(0.05,R29+MEDIAN(-0.302219,P29+NORMSINV(I29)*0.089531*Config!$B$3,0.274961),0.999) | X29: =(INDEX('Earth curves'!$F$2:$F$46,MAX(1,MIN(44,IFERROR(MATCH(W29,'Earth curves'!$E$2:$E$46,1),1))))+(W29-INDEX('Earth curves'!$E$2:$E$46,MAX(1,MIN(44,IFERROR(MATCH(W29,'Earth curves'!$E$2:$E$46,1),1)))))*(INDEX('Earth curves'!$F$2:$F$46,MAX(1,MIN(44,IFERROR(MATCH(W29,'Earth curves'!$E$2:$E$46,1),1)))+1)-INDEX('Earth curves'!$F$2:$F$46,MAX(1,MIN(44,IFERROR(MATCH(W29,'Earth curves'!$E$2:$E$46,1),1)))))/(INDEX('Earth curves'!$E$2:$E$46,MAX(1,MIN(44,IFERROR(MATCH(W29,'Earth curves'!$E$2:$E$46,1),1)))+1)-INDEX('Earth curves'!$E$2:$E$46,MAX(1,MIN(44,IFERROR(MATCH(W29,'Earth curves'!$E$2:$E$46,1),1)))))) | Y29: =(INDEX('Earth curves'!$G$2:$G$46,MAX(1,MIN(44,IFERROR(MATCH(W29,'Earth curves'!$E$2:$E$46,1),1))))+(W29-INDEX('Earth curves'!$E$2:$E$46,MAX(1,MIN(44,IFERROR(MATCH(W29,'Earth curves'!$E$2:$E$46,1),1)))))*(INDEX('Earth curves'!$G$2:$G$46,MAX(1,MIN(44,IFERROR(MATCH(W29,'Earth curves'!$E$2:$E$46,1),1)))+1)-INDEX('Earth curves'!$G$2:$G$46,MAX(1,MIN(44,IFERROR(MATCH(W29,'Earth curves'!$E$2:$E$46,1),1)))))/(INDEX('Earth curves'!$E$2:$E$46,MAX(1,MIN(44,IFERROR(MATCH(W29,'Earth curves'!$E$2:$E$46,1),1)))+1)-INDEX('Earth curves'!$E$2:$E$46,MAX(1,MIN(44,IFERROR(MATCH(W29,'Earth curves'!$E$2:$E$46,1),1)))))) | Z29: =(MIN(X29/Config!$B$9,1)+MIN(Y29/Config!$B$10,1))/2 | AA29: =ROUND(MIN(22,MAX(3,X29*W29/Z29)),1) | AC29: =IF(AB29="",AA29,AB29) | AD29: =ROUND(MIN(Config!$B$10,MAX(1,Y29*W29/Z29)),1) | AF29: =IF(AE29="",AD29,AE29) | AG29: =(V29-Config!$B$7)/(Config!$B$8-Config!$B$7) | AH29: =(MIN(AC29/Config!$B$9,1)+MIN(AF29/Config!$B$10,1))/2 | AI29: =ROUND((AG29*AH29*G29)^(1/3),3) | AJ29: 0.738 | AK29: =AI29-AJ29 | AL29: =AK29-AVERAGE($AK$2:$AK$173) | AM29: =IF(ABS(AL29)>Config!$B$11,"REVIEW","") | AN29: =RANK(AI29,$AI$2:$AI$173) | AO29: =RANK(AJ29,$AJ$2:$AJ$173) | AP29: 29
A30: Ealdorii | B30: Ayuma | C30: resource | D30: 39365 | E30: =D30*Config!$B$4 | F30: =LN(MAX(60,E30)) | G30: =MEDIAN(0,(F30-LN(Config!$B$5))/(LN(Config!$B$6)-LN(Config!$B$5)),1) | H30: =MOD((Config!$B$2+$AP30*7919)*9301+49297,233280)/233280 | I30: =MOD((Config!$B$2+$AP30*104729)*4096+150889,714025)/714025 | J30: =MOD((Config!$B$2*31+$AP30*15485863)*1366+150889,714025)/714025 | K30: -0.023486 | L30: -0.129554 | M30: =COUNTIF(Siblings!$A$2:$A$84,B30) | N30: =1+INT(J30*M30) | O30: =IF(K30<>"",K30,IFERROR(INDEX(Siblings!$D$2:$D$84,MATCH(B30&"|"&N30,Siblings!$F$2:$F$84,0)),0)) | P30: =IF(L30<>"",L30,IFERROR(INDEX(Siblings!$E$2:$E$84,MATCH(B30&"|"&N30,Siblings!$F$2:$F$84,0)),0)) | Q30: =(INDEX('Earth curves'!$B$2:$B$46,MAX(1,MIN(44,IFERROR(MATCH(F30,'Earth curves'!$A$2:$A$46,1),1))))+(F30-INDEX('Earth curves'!$A$2:$A$46,MAX(1,MIN(44,IFERROR(MATCH(F30,'Earth curves'!$A$2:$A$46,1),1)))))*(INDEX('Earth curves'!$B$2:$B$46,MAX(1,MIN(44,IFERROR(MATCH(F30,'Earth curves'!$A$2:$A$46,1),1)))+1)-INDEX('Earth curves'!$B$2:$B$46,MAX(1,MIN(44,IFERROR(MATCH(F30,'Earth curves'!$A$2:$A$46,1),1)))))/(INDEX('Earth curves'!$A$2:$A$46,MAX(1,MIN(44,IFERROR(MATCH(F30,'Earth curves'!$A$2:$A$46,1),1)))+1)-INDEX('Earth curves'!$A$2:$A$46,MAX(1,MIN(44,IFERROR(MATCH(F30,'Earth curves'!$A$2:$A$46,1),1)))))) | R30: =(INDEX('Earth curves'!$C$2:$C$46,MAX(1,MIN(44,IFERROR(MATCH(F30,'Earth curves'!$A$2:$A$46,1),1))))+(F30-INDEX('Earth curves'!$A$2:$A$46,MAX(1,MIN(44,IFERROR(MATCH(F30,'Earth curves'!$A$2:$A$46,1),1)))))*(INDEX('Earth curves'!$C$2:$C$46,MAX(1,MIN(44,IFERROR(MATCH(F30,'Earth curves'!$A$2:$A$46,1),1)))+1)-INDEX('Earth curves'!$C$2:$C$46,MAX(1,MIN(44,IFERROR(MATCH(F30,'Earth curves'!$A$2:$A$46,1),1)))))/(INDEX('Earth curves'!$A$2:$A$46,MAX(1,MIN(44,IFERROR(MATCH(F30,'Earth curves'!$A$2:$A$46,1),1)))+1)-INDEX('Earth curves'!$A$2:$A$46,MAX(1,MIN(44,IFERROR(MATCH(F30,'Earth curves'!$A$2:$A$46,1),1)))))) | S30: =MEDIAN(0.307692,Q30+MEDIAN(-0.350583,O30+NORMSINV(H30)*0.064828*Config!$B$3,0.120277),0.993846) | T30: =ROUND(Config!$B$7+(Config!$B$8-Config!$B$7)*S30,1) | V30: =IF(U30="",T30,U30) | W30: =MEDIAN(0.05,R30+MEDIAN(-0.302219,P30+NORMSINV(I30)*0.089531*Config!$B$3,0.274961),0.999) | X30: =(INDEX('Earth curves'!$F$2:$F$46,MAX(1,MIN(44,IFERROR(MATCH(W30,'Earth curves'!$E$2:$E$46,1),1))))+(W30-INDEX('Earth curves'!$E$2:$E$46,MAX(1,MIN(44,IFERROR(MATCH(W30,'Earth curves'!$E$2:$E$46,1),1)))))*(INDEX('Earth curves'!$F$2:$F$46,MAX(1,MIN(44,IFERROR(MATCH(W30,'Earth curves'!$E$2:$E$46,1),1)))+1)-INDEX('Earth curves'!$F$2:$F$46,MAX(1,MIN(44,IFERROR(MATCH(W30,'Earth curves'!$E$2:$E$46,1),1)))))/(INDEX('Earth curves'!$E$2:$E$46,MAX(1,MIN(44,IFERROR(MATCH(W30,'Earth curves'!$E$2:$E$46,1),1)))+1)-INDEX('Earth curves'!$E$2:$E$46,MAX(1,MIN(44,IFERROR(MATCH(W30,'Earth curves'!$E$2:$E$46,1),1)))))) | Y30: =(INDEX('Earth curves'!$G$2:$G$46,MAX(1,MIN(44,IFERROR(MATCH(W30,'Earth curves'!$E$2:$E$46,1),1))))+(W30-INDEX('Earth curves'!$E$2:$E$46,MAX(1,MIN(44,IFERROR(MATCH(W30,'Earth curves'!$E$2:$E$46,1),1)))))*(INDEX('Earth curves'!$G$2:$G$46,MAX(1,MIN(44,IFERROR(MATCH(W30,'Earth curves'!$E$2:$E$46,1),1)))+1)-INDEX('Earth curves'!$G$2:$G$46,MAX(1,MIN(44,IFERROR(MATCH(W30,'Earth curves'!$E$2:$E$46,1),1)))))/(INDEX('Earth curves'!$E$2:$E$46,MAX(1,MIN(44,IFERROR(MATCH(W30,'Earth curves'!$E$2:$E$46,1),1)))+1)-INDEX('Earth curves'!$E$2:$E$46,MAX(1,MIN(44,IFERROR(MATCH(W30,'Earth curves'!$E$2:$E$46,1),1)))))) | Z30: =(MIN(X30/Config!$B$9,1)+MIN(Y30/Config!$B$10,1))/2 | AA30: =ROUND(MIN(22,MAX(3,X30*W30/Z30)),1) | AC30: =IF(AB30="",AA30,AB30) | AD30: =ROUND(MIN(Config!$B$10,MAX(1,Y30*W30/Z30)),1) | AF30: =IF(AE30="",AD30,AE30) | AG30: =(V30-Config!$B$7)/(Config!$B$8-Config!$B$7) | AH30: =(MIN(AC30/Config!$B$9,1)+MIN(AF30/Config!$B$10,1))/2 | AI30: =ROUND((AG30*AH30*G30)^(1/3),3) | AJ30: 0.78 | AK30: =AI30-AJ30 | AL30: =AK30-AVERAGE($AK$2:$AK$173) | AM30: =IF(ABS(AL30)>Config!$B$11,"REVIEW","") | AN30: =RANK(AI30,$AI$2:$AI$173) | AO30: =RANK(AJ30,$AJ$2:$AJ$173) | AP30: 30
A31: Easuhura | B31: Ayuma | C31: resource, university | D31: 200000 | E31: =D31*Config!$B$4 | F31: =LN(MAX(60,E31)) | G31: =MEDIAN(0,(F31-LN(Config!$B$5))/(LN(Config!$B$6)-LN(Config!$B$5)),1) | H31: =MOD((Config!$B$2+$AP31*7919)*9301+49297,233280)/233280 | I31: =MOD((Config!$B$2+$AP31*104729)*4096+150889,714025)/714025 | J31: =MOD((Config!$B$2*31+$AP31*15485863)*1366+150889,714025)/714025 | K31: 0.01038 | L31: 0.082751 | M31: =COUNTIF(Siblings!$A$2:$A$84,B31) | N31: =1+INT(J31*M31) | O31: =IF(K31<>"",K31,IFERROR(INDEX(Siblings!$D$2:$D$84,MATCH(B31&"|"&N31,Siblings!$F$2:$F$84,0)),0)) | P31: =IF(L31<>"",L31,IFERROR(INDEX(Siblings!$E$2:$E$84,MATCH(B31&"|"&N31,Siblings!$F$2:$F$84,0)),0)) | Q31: =(INDEX('Earth curves'!$B$2:$B$46,MAX(1,MIN(44,IFERROR(MATCH(F31,'Earth curves'!$A$2:$A$46,1),1))))+(F31-INDEX('Earth curves'!$A$2:$A$46,MAX(1,MIN(44,IFERROR(MATCH(F31,'Earth curves'!$A$2:$A$46,1),1)))))*(INDEX('Earth curves'!$B$2:$B$46,MAX(1,MIN(44,IFERROR(MATCH(F31,'Earth curves'!$A$2:$A$46,1),1)))+1)-INDEX('Earth curves'!$B$2:$B$46,MAX(1,MIN(44,IFERROR(MATCH(F31,'Earth curves'!$A$2:$A$46,1),1)))))/(INDEX('Earth curves'!$A$2:$A$46,MAX(1,MIN(44,IFERROR(MATCH(F31,'Earth curves'!$A$2:$A$46,1),1)))+1)-INDEX('Earth curves'!$A$2:$A$46,MAX(1,MIN(44,IFERROR(MATCH(F31,'Earth curves'!$A$2:$A$46,1),1)))))) | R31: =(INDEX('Earth curves'!$C$2:$C$46,MAX(1,MIN(44,IFERROR(MATCH(F31,'Earth curves'!$A$2:$A$46,1),1))))+(F31-INDEX('Earth curves'!$A$2:$A$46,MAX(1,MIN(44,IFERROR(MATCH(F31,'Earth curves'!$A$2:$A$46,1),1)))))*(INDEX('Earth curves'!$C$2:$C$46,MAX(1,MIN(44,IFERROR(MATCH(F31,'Earth curves'!$A$2:$A$46,1),1)))+1)-INDEX('Earth curves'!$C$2:$C$46,MAX(1,MIN(44,IFERROR(MATCH(F31,'Earth curves'!$A$2:$A$46,1),1)))))/(INDEX('Earth curves'!$A$2:$A$46,MAX(1,MIN(44,IFERROR(MATCH(F31,'Earth curves'!$A$2:$A$46,1),1)))+1)-INDEX('Earth curves'!$A$2:$A$46,MAX(1,MIN(44,IFERROR(MATCH(F31,'Earth curves'!$A$2:$A$46,1),1)))))) | S31: =MEDIAN(0.307692,Q31+MEDIAN(-0.350583,O31+NORMSINV(H31)*0.064828*Config!$B$3,0.120277),0.993846) | T31: =ROUND(Config!$B$7+(Config!$B$8-Config!$B$7)*S31,1) | V31: =IF(U31="",T31,U31) | W31: =MEDIAN(0.05,R31+MEDIAN(-0.302219,P31+NORMSINV(I31)*0.089531*Config!$B$3,0.274961),0.999) | X31: =(INDEX('Earth curves'!$F$2:$F$46,MAX(1,MIN(44,IFERROR(MATCH(W31,'Earth curves'!$E$2:$E$46,1),1))))+(W31-INDEX('Earth curves'!$E$2:$E$46,MAX(1,MIN(44,IFERROR(MATCH(W31,'Earth curves'!$E$2:$E$46,1),1)))))*(INDEX('Earth curves'!$F$2:$F$46,MAX(1,MIN(44,IFERROR(MATCH(W31,'Earth curves'!$E$2:$E$46,1),1)))+1)-INDEX('Earth curves'!$F$2:$F$46,MAX(1,MIN(44,IFERROR(MATCH(W31,'Earth curves'!$E$2:$E$46,1),1)))))/(INDEX('Earth curves'!$E$2:$E$46,MAX(1,MIN(44,IFERROR(MATCH(W31,'Earth curves'!$E$2:$E$46,1),1)))+1)-INDEX('Earth curves'!$E$2:$E$46,MAX(1,MIN(44,IFERROR(MATCH(W31,'Earth curves'!$E$2:$E$46,1),1)))))) | Y31: =(INDEX('Earth curves'!$G$2:$G$46,MAX(1,MIN(44,IFERROR(MATCH(W31,'Earth curves'!$E$2:$E$46,1),1))))+(W31-INDEX('Earth curves'!$E$2:$E$46,MAX(1,MIN(44,IFERROR(MATCH(W31,'Earth curves'!$E$2:$E$46,1),1)))))*(INDEX('Earth curves'!$G$2:$G$46,MAX(1,MIN(44,IFERROR(MATCH(W31,'Earth curves'!$E$2:$E$46,1),1)))+1)-INDEX('Earth curves'!$G$2:$G$46,MAX(1,MIN(44,IFERROR(MATCH(W31,'Earth curves'!$E$2:$E$46,1),1)))))/(INDEX('Earth curves'!$E$2:$E$46,MAX(1,MIN(44,IFERROR(MATCH(W31,'Earth curves'!$E$2:$E$46,1),1)))+1)-INDEX('Earth curves'!$E$2:$E$46,MAX(1,MIN(44,IFERROR(MATCH(W31,'Earth curves'!$E$2:$E$46,1),1)))))) | Z31: =(MIN(X31/Config!$B$9,1)+MIN(Y31/Config!$B$10,1))/2 | AA31: =ROUND(MIN(22,MAX(3,X31*W31/Z31)),1) | AC31: =IF(AB31="",AA31,AB31) | AD31: =ROUND(MIN(Config!$B$10,MAX(1,Y31*W31/Z31)),1) | AF31: =IF(AE31="",AD31,AE31) | AG31: =(V31-Config!$B$7)/(Config!$B$8-Config!$B$7) | AH31: =(MIN(AC31/Config!$B$9,1)+MIN(AF31/Config!$B$10,1))/2 | AI31: =ROUND((AG31*AH31*G31)^(1/3),3) | AJ31: 0.947 | AK31: =AI31-AJ31 | AL31: =AK31-AVERAGE($AK$2:$AK$173) | AM31: =IF(ABS(AL31)>Config!$B$11,"REVIEW","") | AN31: =RANK(AI31,$AI$2:$AI$173) | AO31: =RANK(AJ31,$AJ$2:$AJ$173) | AP31: 31
A32: Eldavpir | B32: Acrola | C32: — | D32: 9587 | E32: =D32*Config!$B$4 | F32: =LN(MAX(60,E32)) | G32: =MEDIAN(0,(F32-LN(Config!$B$5))/(LN(Config!$B$6)-LN(Config!$B$5)),1) | H32: =MOD((Config!$B$2+$AP32*7919)*9301+49297,233280)/233280 | I32: =MOD((Config!$B$2+$AP32*104729)*4096+150889,714025)/714025 | J32: =MOD((Config!$B$2*31+$AP32*15485863)*1366+150889,714025)/714025 | K32: -0.132226 | L32: -0.128236 | M32: =COUNTIF(Siblings!$A$2:$A$84,B32) | N32: =1+INT(J32*M32) | O32: =IF(K32<>"",K32,IFERROR(INDEX(Siblings!$D$2:$D$84,MATCH(B32&"|"&N32,Siblings!$F$2:$F$84,0)),0)) | P32: =IF(L32<>"",L32,IFERROR(INDEX(Siblings!$E$2:$E$84,MATCH(B32&"|"&N32,Siblings!$F$2:$F$84,0)),0)) | Q32: =(INDEX('Earth curves'!$B$2:$B$46,MAX(1,MIN(44,IFERROR(MATCH(F32,'Earth curves'!$A$2:$A$46,1),1))))+(F32-INDEX('Earth curves'!$A$2:$A$46,MAX(1,MIN(44,IFERROR(MATCH(F32,'Earth curves'!$A$2:$A$46,1),1)))))*(INDEX('Earth curves'!$B$2:$B$46,MAX(1,MIN(44,IFERROR(MATCH(F32,'Earth curves'!$A$2:$A$46,1),1)))+1)-INDEX('Earth curves'!$B$2:$B$46,MAX(1,MIN(44,IFERROR(MATCH(F32,'Earth curves'!$A$2:$A$46,1),1)))))/(INDEX('Earth curves'!$A$2:$A$46,MAX(1,MIN(44,IFERROR(MATCH(F32,'Earth curves'!$A$2:$A$46,1),1)))+1)-INDEX('Earth curves'!$A$2:$A$46,MAX(1,MIN(44,IFERROR(MATCH(F32,'Earth curves'!$A$2:$A$46,1),1)))))) | R32: =(INDEX('Earth curves'!$C$2:$C$46,MAX(1,MIN(44,IFERROR(MATCH(F32,'Earth curves'!$A$2:$A$46,1),1))))+(F32-INDEX('Earth curves'!$A$2:$A$46,MAX(1,MIN(44,IFERROR(MATCH(F32,'Earth curves'!$A$2:$A$46,1),1)))))*(INDEX('Earth curves'!$C$2:$C$46,MAX(1,MIN(44,IFERROR(MATCH(F32,'Earth curves'!$A$2:$A$46,1),1)))+1)-INDEX('Earth curves'!$C$2:$C$46,MAX(1,MIN(44,IFERROR(MATCH(F32,'Earth curves'!$A$2:$A$46,1),1)))))/(INDEX('Earth curves'!$A$2:$A$46,MAX(1,MIN(44,IFERROR(MATCH(F32,'Earth curves'!$A$2:$A$46,1),1)))+1)-INDEX('Earth curves'!$A$2:$A$46,MAX(1,MIN(44,IFERROR(MATCH(F32,'Earth curves'!$A$2:$A$46,1),1)))))) | S32: =MEDIAN(0.307692,Q32+MEDIAN(-0.350583,O32+NORMSINV(H32)*0.064828*Config!$B$3,0.120277),0.993846) | T32: =ROUND(Config!$B$7+(Config!$B$8-Config!$B$7)*S32,1) | V32: =IF(U32="",T32,U32) | W32: =MEDIAN(0.05,R32+MEDIAN(-0.302219,P32+NORMSINV(I32)*0.089531*Config!$B$3,0.274961),0.999) | X32: =(INDEX('Earth curves'!$F$2:$F$46,MAX(1,MIN(44,IFERROR(MATCH(W32,'Earth curves'!$E$2:$E$46,1),1))))+(W32-INDEX('Earth curves'!$E$2:$E$46,MAX(1,MIN(44,IFERROR(MATCH(W32,'Earth curves'!$E$2:$E$46,1),1)))))*(INDEX('Earth curves'!$F$2:$F$46,MAX(1,MIN(44,IFERROR(MATCH(W32,'Earth curves'!$E$2:$E$46,1),1)))+1)-INDEX('Earth curves'!$F$2:$F$46,MAX(1,MIN(44,IFERROR(MATCH(W32,'Earth curves'!$E$2:$E$46,1),1)))))/(INDEX('Earth curves'!$E$2:$E$46,MAX(1,MIN(44,IFERROR(MATCH(W32,'Earth curves'!$E$2:$E$46,1),1)))+1)-INDEX('Earth curves'!$E$2:$E$46,MAX(1,MIN(44,IFERROR(MATCH(W32,'Earth curves'!$E$2:$E$46,1),1)))))) | Y32: =(INDEX('Earth curves'!$G$2:$G$46,MAX(1,MIN(44,IFERROR(MATCH(W32,'Earth curves'!$E$2:$E$46,1),1))))+(W32-INDEX('Earth curves'!$E$2:$E$46,MAX(1,MIN(44,IFERROR(MATCH(W32,'Earth curves'!$E$2:$E$46,1),1)))))*(INDEX('Earth curves'!$G$2:$G$46,MAX(1,MIN(44,IFERROR(MATCH(W32,'Earth curves'!$E$2:$E$46,1),1)))+1)-INDEX('Earth curves'!$G$2:$G$46,MAX(1,MIN(44,IFERROR(MATCH(W32,'Earth curves'!$E$2:$E$46,1),1)))))/(INDEX('Earth curves'!$E$2:$E$46,MAX(1,MIN(44,IFERROR(MATCH(W32,'Earth curves'!$E$2:$E$46,1),1)))+1)-INDEX('Earth curves'!$E$2:$E$46,MAX(1,MIN(44,IFERROR(MATCH(W32,'Earth curves'!$E$2:$E$46,1),1)))))) | Z32: =(MIN(X32/Config!$B$9,1)+MIN(Y32/Config!$B$10,1))/2 | AA32: =ROUND(MIN(22,MAX(3,X32*W32/Z32)),1) | AC32: =IF(AB32="",AA32,AB32) | AD32: =ROUND(MIN(Config!$B$10,MAX(1,Y32*W32/Z32)),1) | AF32: =IF(AE32="",AD32,AE32) | AG32: =(V32-Config!$B$7)/(Config!$B$8-Config!$B$7) | AH32: =(MIN(AC32/Config!$B$9,1)+MIN(AF32/Config!$B$10,1))/2 | AI32: =ROUND((AG32*AH32*G32)^(1/3),3) | AJ32: 0.512 | AK32: =AI32-AJ32 | AL32: =AK32-AVERAGE($AK$2:$AK$173) | AM32: =IF(ABS(AL32)>Config!$B$11,"REVIEW","") | AN32: =RANK(AI32,$AI$2:$AI$173) | AO32: =RANK(AJ32,$AJ$2:$AJ$173) | AP32: 32
A33: Eldjo | B33: Ayuma | C33: resource | D33: 110159 | E33: =D33*Config!$B$4 | F33: =LN(MAX(60,E33)) | G33: =MEDIAN(0,(F33-LN(Config!$B$5))/(LN(Config!$B$6)-LN(Config!$B$5)),1) | H33: =MOD((Config!$B$2+$AP33*7919)*9301+49297,233280)/233280 | I33: =MOD((Config!$B$2+$AP33*104729)*4096+150889,714025)/714025 | J33: =MOD((Config!$B$2*31+$AP33*15485863)*1366+150889,714025)/714025 | K33: 0.003681 | L33: 0.068595 | M33: =COUNTIF(Siblings!$A$2:$A$84,B33) | N33: =1+INT(J33*M33) | O33: =IF(K33<>"",K33,IFERROR(INDEX(Siblings!$D$2:$D$84,MATCH(B33&"|"&N33,Siblings!$F$2:$F$84,0)),0)) | P33: =IF(L33<>"",L33,IFERROR(INDEX(Siblings!$E$2:$E$84,MATCH(B33&"|"&N33,Siblings!$F$2:$F$84,0)),0)) | Q33: =(INDEX('Earth curves'!$B$2:$B$46,MAX(1,MIN(44,IFERROR(MATCH(F33,'Earth curves'!$A$2:$A$46,1),1))))+(F33-INDEX('Earth curves'!$A$2:$A$46,MAX(1,MIN(44,IFERROR(MATCH(F33,'Earth curves'!$A$2:$A$46,1),1)))))*(INDEX('Earth curves'!$B$2:$B$46,MAX(1,MIN(44,IFERROR(MATCH(F33,'Earth curves'!$A$2:$A$46,1),1)))+1)-INDEX('Earth curves'!$B$2:$B$46,MAX(1,MIN(44,IFERROR(MATCH(F33,'Earth curves'!$A$2:$A$46,1),1)))))/(INDEX('Earth curves'!$A$2:$A$46,MAX(1,MIN(44,IFERROR(MATCH(F33,'Earth curves'!$A$2:$A$46,1),1)))+1)-INDEX('Earth curves'!$A$2:$A$46,MAX(1,MIN(44,IFERROR(MATCH(F33,'Earth curves'!$A$2:$A$46,1),1)))))) | R33: =(INDEX('Earth curves'!$C$2:$C$46,MAX(1,MIN(44,IFERROR(MATCH(F33,'Earth curves'!$A$2:$A$46,1),1))))+(F33-INDEX('Earth curves'!$A$2:$A$46,MAX(1,MIN(44,IFERROR(MATCH(F33,'Earth curves'!$A$2:$A$46,1),1)))))*(INDEX('Earth curves'!$C$2:$C$46,MAX(1,MIN(44,IFERROR(MATCH(F33,'Earth curves'!$A$2:$A$46,1),1)))+1)-INDEX('Earth curves'!$C$2:$C$46,MAX(1,MIN(44,IFERROR(MATCH(F33,'Earth curves'!$A$2:$A$46,1),1)))))/(INDEX('Earth curves'!$A$2:$A$46,MAX(1,MIN(44,IFERROR(MATCH(F33,'Earth curves'!$A$2:$A$46,1),1)))+1)-INDEX('Earth curves'!$A$2:$A$46,MAX(1,MIN(44,IFERROR(MATCH(F33,'Earth curves'!$A$2:$A$46,1),1)))))) | S33: =MEDIAN(0.307692,Q33+MEDIAN(-0.350583,O33+NORMSINV(H33)*0.064828*Config!$B$3,0.120277),0.993846) | T33: =ROUND(Config!$B$7+(Config!$B$8-Config!$B$7)*S33,1) | V33: =IF(U33="",T33,U33) | W33: =MEDIAN(0.05,R33+MEDIAN(-0.302219,P33+NORMSINV(I33)*0.089531*Config!$B$3,0.274961),0.999) | X33: =(INDEX('Earth curves'!$F$2:$F$46,MAX(1,MIN(44,IFERROR(MATCH(W33,'Earth curves'!$E$2:$E$46,1),1))))+(W33-INDEX('Earth curves'!$E$2:$E$46,MAX(1,MIN(44,IFERROR(MATCH(W33,'Earth curves'!$E$2:$E$46,1),1)))))*(INDEX('Earth curves'!$F$2:$F$46,MAX(1,MIN(44,IFERROR(MATCH(W33,'Earth curves'!$E$2:$E$46,1),1)))+1)-INDEX('Earth curves'!$F$2:$F$46,MAX(1,MIN(44,IFERROR(MATCH(W33,'Earth curves'!$E$2:$E$46,1),1)))))/(INDEX('Earth curves'!$E$2:$E$46,MAX(1,MIN(44,IFERROR(MATCH(W33,'Earth curves'!$E$2:$E$46,1),1)))+1)-INDEX('Earth curves'!$E$2:$E$46,MAX(1,MIN(44,IFERROR(MATCH(W33,'Earth curves'!$E$2:$E$46,1),1)))))) | Y33: =(INDEX('Earth curves'!$G$2:$G$46,MAX(1,MIN(44,IFERROR(MATCH(W33,'Earth curves'!$E$2:$E$46,1),1))))+(W33-INDEX('Earth curves'!$E$2:$E$46,MAX(1,MIN(44,IFERROR(MATCH(W33,'Earth curves'!$E$2:$E$46,1),1)))))*(INDEX('Earth curves'!$G$2:$G$46,MAX(1,MIN(44,IFERROR(MATCH(W33,'Earth curves'!$E$2:$E$46,1),1)))+1)-INDEX('Earth curves'!$G$2:$G$46,MAX(1,MIN(44,IFERROR(MATCH(W33,'Earth curves'!$E$2:$E$46,1),1)))))/(INDEX('Earth curves'!$E$2:$E$46,MAX(1,MIN(44,IFERROR(MATCH(W33,'Earth curves'!$E$2:$E$46,1),1)))+1)-INDEX('Earth curves'!$E$2:$E$46,MAX(1,MIN(44,IFERROR(MATCH(W33,'Earth curves'!$E$2:$E$46,1),1)))))) | Z33: =(MIN(X33/Config!$B$9,1)+MIN(Y33/Config!$B$10,1))/2 | AA33: =ROUND(MIN(22,MAX(3,X33*W33/Z33)),1) | AC33: =IF(AB33="",AA33,AB33) | AD33: =ROUND(MIN(Config!$B$10,MAX(1,Y33*W33/Z33)),1) | AF33: =IF(AE33="",AD33,AE33) | AG33: =(V33-Config!$B$7)/(Config!$B$8-Config!$B$7) | AH33: =(MIN(AC33/Config!$B$9,1)+MIN(AF33/Config!$B$10,1))/2 | AI33: =ROUND((AG33*AH33*G33)^(1/3),3) | AJ33: 0.86 | AK33: =AI33-AJ33 | AL33: =AK33-AVERAGE($AK$2:$AK$173) | AM33: =IF(ABS(AL33)>Config!$B$11,"REVIEW","") | AN33: =RANK(AI33,$AI$2:$AI$173) | AO33: =RANK(AJ33,$AJ$2:$AJ$173) | AP33: 33
A34: Elja and Munusia | B34: New Ayre | C34: — | D34: 18095 | E34: =D34*Config!$B$4 | F34: =LN(MAX(60,E34)) | G34: =MEDIAN(0,(F34-LN(Config!$B$5))/(LN(Config!$B$6)-LN(Config!$B$5)),1) | H34: =MOD((Config!$B$2+$AP34*7919)*9301+49297,233280)/233280 | I34: =MOD((Config!$B$2+$AP34*104729)*4096+150889,714025)/714025 | J34: =MOD((Config!$B$2*31+$AP34*15485863)*1366+150889,714025)/714025 | M34: =COUNTIF(Siblings!$A$2:$A$84,B34) | N34: =1+INT(J34*M34) | O34: =IF(K34<>"",K34,IFERROR(INDEX(Siblings!$D$2:$D$84,MATCH(B34&"|"&N34,Siblings!$F$2:$F$84,0)),0)) | P34: =IF(L34<>"",L34,IFERROR(INDEX(Siblings!$E$2:$E$84,MATCH(B34&"|"&N34,Siblings!$F$2:$F$84,0)),0)) | Q34: =(INDEX('Earth curves'!$B$2:$B$46,MAX(1,MIN(44,IFERROR(MATCH(F34,'Earth curves'!$A$2:$A$46,1),1))))+(F34-INDEX('Earth curves'!$A$2:$A$46,MAX(1,MIN(44,IFERROR(MATCH(F34,'Earth curves'!$A$2:$A$46,1),1)))))*(INDEX('Earth curves'!$B$2:$B$46,MAX(1,MIN(44,IFERROR(MATCH(F34,'Earth curves'!$A$2:$A$46,1),1)))+1)-INDEX('Earth curves'!$B$2:$B$46,MAX(1,MIN(44,IFERROR(MATCH(F34,'Earth curves'!$A$2:$A$46,1),1)))))/(INDEX('Earth curves'!$A$2:$A$46,MAX(1,MIN(44,IFERROR(MATCH(F34,'Earth curves'!$A$2:$A$46,1),1)))+1)-INDEX('Earth curves'!$A$2:$A$46,MAX(1,MIN(44,IFERROR(MATCH(F34,'Earth curves'!$A$2:$A$46,1),1)))))) | R34: =(INDEX('Earth curves'!$C$2:$C$46,MAX(1,MIN(44,IFERROR(MATCH(F34,'Earth curves'!$A$2:$A$46,1),1))))+(F34-INDEX('Earth curves'!$A$2:$A$46,MAX(1,MIN(44,IFERROR(MATCH(F34,'Earth curves'!$A$2:$A$46,1),1)))))*(INDEX('Earth curves'!$C$2:$C$46,MAX(1,MIN(44,IFERROR(MATCH(F34,'Earth curves'!$A$2:$A$46,1),1)))+1)-INDEX('Earth curves'!$C$2:$C$46,MAX(1,MIN(44,IFERROR(MATCH(F34,'Earth curves'!$A$2:$A$46,1),1)))))/(INDEX('Earth curves'!$A$2:$A$46,MAX(1,MIN(44,IFERROR(MATCH(F34,'Earth curves'!$A$2:$A$46,1),1)))+1)-INDEX('Earth curves'!$A$2:$A$46,MAX(1,MIN(44,IFERROR(MATCH(F34,'Earth curves'!$A$2:$A$46,1),1)))))) | S34: =MEDIAN(0.307692,Q34+MEDIAN(-0.350583,O34+NORMSINV(H34)*0.064828*Config!$B$3,0.120277),0.993846) | T34: =ROUND(Config!$B$7+(Config!$B$8-Config!$B$7)*S34,1) | V34: =IF(U34="",T34,U34) | W34: =MEDIAN(0.05,R34+MEDIAN(-0.302219,P34+NORMSINV(I34)*0.089531*Config!$B$3,0.274961),0.999) | X34: =(INDEX('Earth curves'!$F$2:$F$46,MAX(1,MIN(44,IFERROR(MATCH(W34,'Earth curves'!$E$2:$E$46,1),1))))+(W34-INDEX('Earth curves'!$E$2:$E$46,MAX(1,MIN(44,IFERROR(MATCH(W34,'Earth curves'!$E$2:$E$46,1),1)))))*(INDEX('Earth curves'!$F$2:$F$46,MAX(1,MIN(44,IFERROR(MATCH(W34,'Earth curves'!$E$2:$E$46,1),1)))+1)-INDEX('Earth curves'!$F$2:$F$46,MAX(1,MIN(44,IFERROR(MATCH(W34,'Earth curves'!$E$2:$E$46,1),1)))))/(INDEX('Earth curves'!$E$2:$E$46,MAX(1,MIN(44,IFERROR(MATCH(W34,'Earth curves'!$E$2:$E$46,1),1)))+1)-INDEX('Earth curves'!$E$2:$E$46,MAX(1,MIN(44,IFERROR(MATCH(W34,'Earth curves'!$E$2:$E$46,1),1)))))) | Y34: =(INDEX('Earth curves'!$G$2:$G$46,MAX(1,MIN(44,IFERROR(MATCH(W34,'Earth curves'!$E$2:$E$46,1),1))))+(W34-INDEX('Earth curves'!$E$2:$E$46,MAX(1,MIN(44,IFERROR(MATCH(W34,'Earth curves'!$E$2:$E$46,1),1)))))*(INDEX('Earth curves'!$G$2:$G$46,MAX(1,MIN(44,IFERROR(MATCH(W34,'Earth curves'!$E$2:$E$46,1),1)))+1)-INDEX('Earth curves'!$G$2:$G$46,MAX(1,MIN(44,IFERROR(MATCH(W34,'Earth curves'!$E$2:$E$46,1),1)))))/(INDEX('Earth curves'!$E$2:$E$46,MAX(1,MIN(44,IFERROR(MATCH(W34,'Earth curves'!$E$2:$E$46,1),1)))+1)-INDEX('Earth curves'!$E$2:$E$46,MAX(1,MIN(44,IFERROR(MATCH(W34,'Earth curves'!$E$2:$E$46,1),1)))))) | Z34: =(MIN(X34/Config!$B$9,1)+MIN(Y34/Config!$B$10,1))/2 | AA34: =ROUND(MIN(22,MAX(3,X34*W34/Z34)),1) | AC34: =IF(AB34="",AA34,AB34) | AD34: =ROUND(MIN(Config!$B$10,MAX(1,Y34*W34/Z34)),1) | AF34: =IF(AE34="",AD34,AE34) | AG34: =(V34-Config!$B$7)/(Config!$B$8-Config!$B$7) | AH34: =(MIN(AC34/Config!$B$9,1)+MIN(AF34/Config!$B$10,1))/2 | AI34: =ROUND((AG34*AH34*G34)^(1/3),3) | AJ34: 0.698 | AK34: =AI34-AJ34 | AL34: =AK34-AVERAGE($AK$2:$AK$173) | AM34: =IF(ABS(AL34)>Config!$B$11,"REVIEW","") | AN34: =RANK(AI34,$AI$2:$AI$173) | AO34: =RANK(AJ34,$AJ$2:$AJ$173) | AP34: 34
A35: Emara | B35: Ayuma | C35: resource, tradehub, university | D35: 185714 | E35: =D35*Config!$B$4 | F35: =LN(MAX(60,E35)) | G35: =MEDIAN(0,(F35-LN(Config!$B$5))/(LN(Config!$B$6)-LN(Config!$B$5)),1) | H35: =MOD((Config!$B$2+$AP35*7919)*9301+49297,233280)/233280 | I35: =MOD((Config!$B$2+$AP35*104729)*4096+150889,714025)/714025 | J35: =MOD((Config!$B$2*31+$AP35*15485863)*1366+150889,714025)/714025 | M35: =COUNTIF(Siblings!$A$2:$A$84,B35) | N35: =1+INT(J35*M35) | O35: =IF(K35<>"",K35,IFERROR(INDEX(Siblings!$D$2:$D$84,MATCH(B35&"|"&N35,Siblings!$F$2:$F$84,0)),0)) | P35: =IF(L35<>"",L35,IFERROR(INDEX(Siblings!$E$2:$E$84,MATCH(B35&"|"&N35,Siblings!$F$2:$F$84,0)),0)) | Q35: =(INDEX('Earth curves'!$B$2:$B$46,MAX(1,MIN(44,IFERROR(MATCH(F35,'Earth curves'!$A$2:$A$46,1),1))))+(F35-INDEX('Earth curves'!$A$2:$A$46,MAX(1,MIN(44,IFERROR(MATCH(F35,'Earth curves'!$A$2:$A$46,1),1)))))*(INDEX('Earth curves'!$B$2:$B$46,MAX(1,MIN(44,IFERROR(MATCH(F35,'Earth curves'!$A$2:$A$46,1),1)))+1)-INDEX('Earth curves'!$B$2:$B$46,MAX(1,MIN(44,IFERROR(MATCH(F35,'Earth curves'!$A$2:$A$46,1),1)))))/(INDEX('Earth curves'!$A$2:$A$46,MAX(1,MIN(44,IFERROR(MATCH(F35,'Earth curves'!$A$2:$A$46,1),1)))+1)-INDEX('Earth curves'!$A$2:$A$46,MAX(1,MIN(44,IFERROR(MATCH(F35,'Earth curves'!$A$2:$A$46,1),1)))))) | R35: =(INDEX('Earth curves'!$C$2:$C$46,MAX(1,MIN(44,IFERROR(MATCH(F35,'Earth curves'!$A$2:$A$46,1),1))))+(F35-INDEX('Earth curves'!$A$2:$A$46,MAX(1,MIN(44,IFERROR(MATCH(F35,'Earth curves'!$A$2:$A$46,1),1)))))*(INDEX('Earth curves'!$C$2:$C$46,MAX(1,MIN(44,IFERROR(MATCH(F35,'Earth curves'!$A$2:$A$46,1),1)))+1)-INDEX('Earth curves'!$C$2:$C$46,MAX(1,MIN(44,IFERROR(MATCH(F35,'Earth curves'!$A$2:$A$46,1),1)))))/(INDEX('Earth curves'!$A$2:$A$46,MAX(1,MIN(44,IFERROR(MATCH(F35,'Earth curves'!$A$2:$A$46,1),1)))+1)-INDEX('Earth curves'!$A$2:$A$46,MAX(1,MIN(44,IFERROR(MATCH(F35,'Earth curves'!$A$2:$A$46,1),1)))))) | S35: =MEDIAN(0.307692,Q35+MEDIAN(-0.350583,O35+NORMSINV(H35)*0.064828*Config!$B$3,0.120277),0.993846) | T35: =ROUND(Config!$B$7+(Config!$B$8-Config!$B$7)*S35,1) | V35: =IF(U35="",T35,U35) | W35: =MEDIAN(0.05,R35+MEDIAN(-0.302219,P35+NORMSINV(I35)*0.089531*Config!$B$3,0.274961),0.999) | X35: =(INDEX('Earth curves'!$F$2:$F$46,MAX(1,MIN(44,IFERROR(MATCH(W35,'Earth curves'!$E$2:$E$46,1),1))))+(W35-INDEX('Earth curves'!$E$2:$E$46,MAX(1,MIN(44,IFERROR(MATCH(W35,'Earth curves'!$E$2:$E$46,1),1)))))*(INDEX('Earth curves'!$F$2:$F$46,MAX(1,MIN(44,IFERROR(MATCH(W35,'Earth curves'!$E$2:$E$46,1),1)))+1)-INDEX('Earth curves'!$F$2:$F$46,MAX(1,MIN(44,IFERROR(MATCH(W35,'Earth curves'!$E$2:$E$46,1),1)))))/(INDEX('Earth curves'!$E$2:$E$46,MAX(1,MIN(44,IFERROR(MATCH(W35,'Earth curves'!$E$2:$E$46,1),1)))+1)-INDEX('Earth curves'!$E$2:$E$46,MAX(1,MIN(44,IFERROR(MATCH(W35,'Earth curves'!$E$2:$E$46,1),1)))))) | Y35: =(INDEX('Earth curves'!$G$2:$G$46,MAX(1,MIN(44,IFERROR(MATCH(W35,'Earth curves'!$E$2:$E$46,1),1))))+(W35-INDEX('Earth curves'!$E$2:$E$46,MAX(1,MIN(44,IFERROR(MATCH(W35,'Earth curves'!$E$2:$E$46,1),1)))))*(INDEX('Earth curves'!$G$2:$G$46,MAX(1,MIN(44,IFERROR(MATCH(W35,'Earth curves'!$E$2:$E$46,1),1)))+1)-INDEX('Earth curves'!$G$2:$G$46,MAX(1,MIN(44,IFERROR(MATCH(W35,'Earth curves'!$E$2:$E$46,1),1)))))/(INDEX('Earth curves'!$E$2:$E$46,MAX(1,MIN(44,IFERROR(MATCH(W35,'Earth curves'!$E$2:$E$46,1),1)))+1)-INDEX('Earth curves'!$E$2:$E$46,MAX(1,MIN(44,IFERROR(MATCH(W35,'Earth curves'!$E$2:$E$46,1),1)))))) | Z35: =(MIN(X35/Config!$B$9,1)+MIN(Y35/Config!$B$10,1))/2 | AA35: =ROUND(MIN(22,MAX(3,X35*W35/Z35)),1) | AC35: =IF(AB35="",AA35,AB35) | AD35: =ROUND(MIN(Config!$B$10,MAX(1,Y35*W35/Z35)),1) | AF35: =IF(AE35="",AD35,AE35) | AG35: =(V35-Config!$B$7)/(Config!$B$8-Config!$B$7) | AH35: =(MIN(AC35/Config!$B$9,1)+MIN(AF35/Config!$B$10,1))/2 | AI35: =ROUND((AG35*AH35*G35)^(1/3),3) | AJ35: 0.945 | AK35: =AI35-AJ35 | AL35: =AK35-AVERAGE($AK$2:$AK$173) | AM35: =IF(ABS(AL35)>Config!$B$11,"REVIEW","") | AN35: =RANK(AI35,$AI$2:$AI$173) | AO35: =RANK(AJ35,$AJ$2:$AJ$173) | AP35: 35
A36: Enina | B36: Acrola | C36: microstate | D36: 39048 | E36: =D36*Config!$B$4 | F36: =LN(MAX(60,E36)) | G36: =MEDIAN(0,(F36-LN(Config!$B$5))/(LN(Config!$B$6)-LN(Config!$B$5)),1) | H36: =MOD((Config!$B$2+$AP36*7919)*9301+49297,233280)/233280 | I36: =MOD((Config!$B$2+$AP36*104729)*4096+150889,714025)/714025 | J36: =MOD((Config!$B$2*31+$AP36*15485863)*1366+150889,714025)/714025 | M36: =COUNTIF(Siblings!$A$2:$A$84,B36) | N36: =1+INT(J36*M36) | O36: =IF(K36<>"",K36,IFERROR(INDEX(Siblings!$D$2:$D$84,MATCH(B36&"|"&N36,Siblings!$F$2:$F$84,0)),0)) | P36: =IF(L36<>"",L36,IFERROR(INDEX(Siblings!$E$2:$E$84,MATCH(B36&"|"&N36,Siblings!$F$2:$F$84,0)),0)) | Q36: =(INDEX('Earth curves'!$B$2:$B$46,MAX(1,MIN(44,IFERROR(MATCH(F36,'Earth curves'!$A$2:$A$46,1),1))))+(F36-INDEX('Earth curves'!$A$2:$A$46,MAX(1,MIN(44,IFERROR(MATCH(F36,'Earth curves'!$A$2:$A$46,1),1)))))*(INDEX('Earth curves'!$B$2:$B$46,MAX(1,MIN(44,IFERROR(MATCH(F36,'Earth curves'!$A$2:$A$46,1),1)))+1)-INDEX('Earth curves'!$B$2:$B$46,MAX(1,MIN(44,IFERROR(MATCH(F36,'Earth curves'!$A$2:$A$46,1),1)))))/(INDEX('Earth curves'!$A$2:$A$46,MAX(1,MIN(44,IFERROR(MATCH(F36,'Earth curves'!$A$2:$A$46,1),1)))+1)-INDEX('Earth curves'!$A$2:$A$46,MAX(1,MIN(44,IFERROR(MATCH(F36,'Earth curves'!$A$2:$A$46,1),1)))))) | R36: =(INDEX('Earth curves'!$C$2:$C$46,MAX(1,MIN(44,IFERROR(MATCH(F36,'Earth curves'!$A$2:$A$46,1),1))))+(F36-INDEX('Earth curves'!$A$2:$A$46,MAX(1,MIN(44,IFERROR(MATCH(F36,'Earth curves'!$A$2:$A$46,1),1)))))*(INDEX('Earth curves'!$C$2:$C$46,MAX(1,MIN(44,IFERROR(MATCH(F36,'Earth curves'!$A$2:$A$46,1),1)))+1)-INDEX('Earth curves'!$C$2:$C$46,MAX(1,MIN(44,IFERROR(MATCH(F36,'Earth curves'!$A$2:$A$46,1),1)))))/(INDEX('Earth curves'!$A$2:$A$46,MAX(1,MIN(44,IFERROR(MATCH(F36,'Earth curves'!$A$2:$A$46,1),1)))+1)-INDEX('Earth curves'!$A$2:$A$46,MAX(1,MIN(44,IFERROR(MATCH(F36,'Earth curves'!$A$2:$A$46,1),1)))))) | S36: =MEDIAN(0.307692,Q36+MEDIAN(-0.350583,O36+NORMSINV(H36)*0.064828*Config!$B$3,0.120277),0.993846) | T36: =ROUND(Config!$B$7+(Config!$B$8-Config!$B$7)*S36,1) | V36: =IF(U36="",T36,U36) | W36: =MEDIAN(0.05,R36+MEDIAN(-0.302219,P36+NORMSINV(I36)*0.089531*Config!$B$3,0.274961),0.999) | X36: =(INDEX('Earth curves'!$F$2:$F$46,MAX(1,MIN(44,IFERROR(MATCH(W36,'Earth curves'!$E$2:$E$46,1),1))))+(W36-INDEX('Earth curves'!$E$2:$E$46,MAX(1,MIN(44,IFERROR(MATCH(W36,'Earth curves'!$E$2:$E$46,1),1)))))*(INDEX('Earth curves'!$F$2:$F$46,MAX(1,MIN(44,IFERROR(MATCH(W36,'Earth curves'!$E$2:$E$46,1),1)))+1)-INDEX('Earth curves'!$F$2:$F$46,MAX(1,MIN(44,IFERROR(MATCH(W36,'Earth curves'!$E$2:$E$46,1),1)))))/(INDEX('Earth curves'!$E$2:$E$46,MAX(1,MIN(44,IFERROR(MATCH(W36,'Earth curves'!$E$2:$E$46,1),1)))+1)-INDEX('Earth curves'!$E$2:$E$46,MAX(1,MIN(44,IFERROR(MATCH(W36,'Earth curves'!$E$2:$E$46,1),1)))))) | Y36: =(INDEX('Earth curves'!$G$2:$G$46,MAX(1,MIN(44,IFERROR(MATCH(W36,'Earth curves'!$E$2:$E$46,1),1))))+(W36-INDEX('Earth curves'!$E$2:$E$46,MAX(1,MIN(44,IFERROR(MATCH(W36,'Earth curves'!$E$2:$E$46,1),1)))))*(INDEX('Earth curves'!$G$2:$G$46,MAX(1,MIN(44,IFERROR(MATCH(W36,'Earth curves'!$E$2:$E$46,1),1)))+1)-INDEX('Earth curves'!$G$2:$G$46,MAX(1,MIN(44,IFERROR(MATCH(W36,'Earth curves'!$E$2:$E$46,1),1)))))/(INDEX('Earth curves'!$E$2:$E$46,MAX(1,MIN(44,IFERROR(MATCH(W36,'Earth curves'!$E$2:$E$46,1),1)))+1)-INDEX('Earth curves'!$E$2:$E$46,MAX(1,MIN(44,IFERROR(MATCH(W36,'Earth curves'!$E$2:$E$46,1),1)))))) | Z36: =(MIN(X36/Config!$B$9,1)+MIN(Y36/Config!$B$10,1))/2 | AA36: =ROUND(MIN(22,MAX(3,X36*W36/Z36)),1) | AC36: =IF(AB36="",AA36,AB36) | AD36: =ROUND(MIN(Config!$B$10,MAX(1,Y36*W36/Z36)),1) | AF36: =IF(AE36="",AD36,AE36) | AG36: =(V36-Config!$B$7)/(Config!$B$8-Config!$B$7) | AH36: =(MIN(AC36/Config!$B$9,1)+MIN(AF36/Config!$B$10,1))/2 | AI36: =ROUND((AG36*AH36*G36)^(1/3),3) | AJ36: 0.759 | AK36: =AI36-AJ36 | AL36: =AK36-AVERAGE($AK$2:$AK$173) | AM36: =IF(ABS(AL36)>Config!$B$11,"REVIEW","") | AN36: =RANK(AI36,$AI$2:$AI$173) | AO36: =RANK(AJ36,$AJ$2:$AJ$173) | AP36: 36
A37: Eparia | B37: Massir | C37: militarised | D37: 16889 | E37: =D37*Config!$B$4 | F37: =LN(MAX(60,E37)) | G37: =MEDIAN(0,(F37-LN(Config!$B$5))/(LN(Config!$B$6)-LN(Config!$B$5)),1) | H37: =MOD((Config!$B$2+$AP37*7919)*9301+49297,233280)/233280 | I37: =MOD((Config!$B$2+$AP37*104729)*4096+150889,714025)/714025 | J37: =MOD((Config!$B$2*31+$AP37*15485863)*1366+150889,714025)/714025 | M37: =COUNTIF(Siblings!$A$2:$A$84,B37) | N37: =1+INT(J37*M37) | O37: =IF(K37<>"",K37,IFERROR(INDEX(Siblings!$D$2:$D$84,MATCH(B37&"|"&N37,Siblings!$F$2:$F$84,0)),0)) | P37: =IF(L37<>"",L37,IFERROR(INDEX(Siblings!$E$2:$E$84,MATCH(B37&"|"&N37,Siblings!$F$2:$F$84,0)),0)) | Q37: =(INDEX('Earth curves'!$B$2:$B$46,MAX(1,MIN(44,IFERROR(MATCH(F37,'Earth curves'!$A$2:$A$46,1),1))))+(F37-INDEX('Earth curves'!$A$2:$A$46,MAX(1,MIN(44,IFERROR(MATCH(F37,'Earth curves'!$A$2:$A$46,1),1)))))*(INDEX('Earth curves'!$B$2:$B$46,MAX(1,MIN(44,IFERROR(MATCH(F37,'Earth curves'!$A$2:$A$46,1),1)))+1)-INDEX('Earth curves'!$B$2:$B$46,MAX(1,MIN(44,IFERROR(MATCH(F37,'Earth curves'!$A$2:$A$46,1),1)))))/(INDEX('Earth curves'!$A$2:$A$46,MAX(1,MIN(44,IFERROR(MATCH(F37,'Earth curves'!$A$2:$A$46,1),1)))+1)-INDEX('Earth curves'!$A$2:$A$46,MAX(1,MIN(44,IFERROR(MATCH(F37,'Earth curves'!$A$2:$A$46,1),1)))))) | R37: =(INDEX('Earth curves'!$C$2:$C$46,MAX(1,MIN(44,IFERROR(MATCH(F37,'Earth curves'!$A$2:$A$46,1),1))))+(F37-INDEX('Earth curves'!$A$2:$A$46,MAX(1,MIN(44,IFERROR(MATCH(F37,'Earth curves'!$A$2:$A$46,1),1)))))*(INDEX('Earth curves'!$C$2:$C$46,MAX(1,MIN(44,IFERROR(MATCH(F37,'Earth curves'!$A$2:$A$46,1),1)))+1)-INDEX('Earth curves'!$C$2:$C$46,MAX(1,MIN(44,IFERROR(MATCH(F37,'Earth curves'!$A$2:$A$46,1),1)))))/(INDEX('Earth curves'!$A$2:$A$46,MAX(1,MIN(44,IFERROR(MATCH(F37,'Earth curves'!$A$2:$A$46,1),1)))+1)-INDEX('Earth curves'!$A$2:$A$46,MAX(1,MIN(44,IFERROR(MATCH(F37,'Earth curves'!$A$2:$A$46,1),1)))))) | S37: =MEDIAN(0.307692,Q37+MEDIAN(-0.350583,O37+NORMSINV(H37)*0.064828*Config!$B$3,0.120277),0.993846) | T37: =ROUND(Config!$B$7+(Config!$B$8-Config!$B$7)*S37,1) | V37: =IF(U37="",T37,U37) | W37: =MEDIAN(0.05,R37+MEDIAN(-0.302219,P37+NORMSINV(I37)*0.089531*Config!$B$3,0.274961),0.999) | X37: =(INDEX('Earth curves'!$F$2:$F$46,MAX(1,MIN(44,IFERROR(MATCH(W37,'Earth curves'!$E$2:$E$46,1),1))))+(W37-INDEX('Earth curves'!$E$2:$E$46,MAX(1,MIN(44,IFERROR(MATCH(W37,'Earth curves'!$E$2:$E$46,1),1)))))*(INDEX('Earth curves'!$F$2:$F$46,MAX(1,MIN(44,IFERROR(MATCH(W37,'Earth curves'!$E$2:$E$46,1),1)))+1)-INDEX('Earth curves'!$F$2:$F$46,MAX(1,MIN(44,IFERROR(MATCH(W37,'Earth curves'!$E$2:$E$46,1),1)))))/(INDEX('Earth curves'!$E$2:$E$46,MAX(1,MIN(44,IFERROR(MATCH(W37,'Earth curves'!$E$2:$E$46,1),1)))+1)-INDEX('Earth curves'!$E$2:$E$46,MAX(1,MIN(44,IFERROR(MATCH(W37,'Earth curves'!$E$2:$E$46,1),1)))))) | Y37: =(INDEX('Earth curves'!$G$2:$G$46,MAX(1,MIN(44,IFERROR(MATCH(W37,'Earth curves'!$E$2:$E$46,1),1))))+(W37-INDEX('Earth curves'!$E$2:$E$46,MAX(1,MIN(44,IFERROR(MATCH(W37,'Earth curves'!$E$2:$E$46,1),1)))))*(INDEX('Earth curves'!$G$2:$G$46,MAX(1,MIN(44,IFERROR(MATCH(W37,'Earth curves'!$E$2:$E$46,1),1)))+1)-INDEX('Earth curves'!$G$2:$G$46,MAX(1,MIN(44,IFERROR(MATCH(W37,'Earth curves'!$E$2:$E$46,1),1)))))/(INDEX('Earth curves'!$E$2:$E$46,MAX(1,MIN(44,IFERROR(MATCH(W37,'Earth curves'!$E$2:$E$46,1),1)))+1)-INDEX('Earth curves'!$E$2:$E$46,MAX(1,MIN(44,IFERROR(MATCH(W37,'Earth curves'!$E$2:$E$46,1),1)))))) | Z37: =(MIN(X37/Config!$B$9,1)+MIN(Y37/Config!$B$10,1))/2 | AA37: =ROUND(MIN(22,MAX(3,X37*W37/Z37)),1) | AC37: =IF(AB37="",AA37,AB37) | AD37: =ROUND(MIN(Config!$B$10,MAX(1,Y37*W37/Z37)),1) | AF37: =IF(AE37="",AD37,AE37) | AG37: =(V37-Config!$B$7)/(Config!$B$8-Config!$B$7) | AH37: =(MIN(AC37/Config!$B$9,1)+MIN(AF37/Config!$B$10,1))/2 | AI37: =ROUND((AG37*AH37*G37)^(1/3),3) | AJ37: 0.67 | AK37: =AI37-AJ37 | AL37: =AK37-AVERAGE($AK$2:$AK$173) | AM37: =IF(ABS(AL37)>Config!$B$11,"REVIEW","") | AN37: =RANK(AI37,$AI$2:$AI$173) | AO37: =RANK(AJ37,$AJ$2:$AJ$173) | AP37: 37
A38: Erkizil | B38: Quia | C38: resource | D38: 14540 | E38: =D38*Config!$B$4 | F38: =LN(MAX(60,E38)) | G38: =MEDIAN(0,(F38-LN(Config!$B$5))/(LN(Config!$B$6)-LN(Config!$B$5)),1) | H38: =MOD((Config!$B$2+$AP38*7919)*9301+49297,233280)/233280 | I38: =MOD((Config!$B$2+$AP38*104729)*4096+150889,714025)/714025 | J38: =MOD((Config!$B$2*31+$AP38*15485863)*1366+150889,714025)/714025 | K38: 0.032359 | L38: -0.037852 | M38: =COUNTIF(Siblings!$A$2:$A$84,B38) | N38: =1+INT(J38*M38) | O38: =IF(K38<>"",K38,IFERROR(INDEX(Siblings!$D$2:$D$84,MATCH(B38&"|"&N38,Siblings!$F$2:$F$84,0)),0)) | P38: =IF(L38<>"",L38,IFERROR(INDEX(Siblings!$E$2:$E$84,MATCH(B38&"|"&N38,Siblings!$F$2:$F$84,0)),0)) | Q38: =(INDEX('Earth curves'!$B$2:$B$46,MAX(1,MIN(44,IFERROR(MATCH(F38,'Earth curves'!$A$2:$A$46,1),1))))+(F38-INDEX('Earth curves'!$A$2:$A$46,MAX(1,MIN(44,IFERROR(MATCH(F38,'Earth curves'!$A$2:$A$46,1),1)))))*(INDEX('Earth curves'!$B$2:$B$46,MAX(1,MIN(44,IFERROR(MATCH(F38,'Earth curves'!$A$2:$A$46,1),1)))+1)-INDEX('Earth curves'!$B$2:$B$46,MAX(1,MIN(44,IFERROR(MATCH(F38,'Earth curves'!$A$2:$A$46,1),1)))))/(INDEX('Earth curves'!$A$2:$A$46,MAX(1,MIN(44,IFERROR(MATCH(F38,'Earth curves'!$A$2:$A$46,1),1)))+1)-INDEX('Earth curves'!$A$2:$A$46,MAX(1,MIN(44,IFERROR(MATCH(F38,'Earth curves'!$A$2:$A$46,1),1)))))) | R38: =(INDEX('Earth curves'!$C$2:$C$46,MAX(1,MIN(44,IFERROR(MATCH(F38,'Earth curves'!$A$2:$A$46,1),1))))+(F38-INDEX('Earth curves'!$A$2:$A$46,MAX(1,MIN(44,IFERROR(MATCH(F38,'Earth curves'!$A$2:$A$46,1),1)))))*(INDEX('Earth curves'!$C$2:$C$46,MAX(1,MIN(44,IFERROR(MATCH(F38,'Earth curves'!$A$2:$A$46,1),1)))+1)-INDEX('Earth curves'!$C$2:$C$46,MAX(1,MIN(44,IFERROR(MATCH(F38,'Earth curves'!$A$2:$A$46,1),1)))))/(INDEX('Earth curves'!$A$2:$A$46,MAX(1,MIN(44,IFERROR(MATCH(F38,'Earth curves'!$A$2:$A$46,1),1)))+1)-INDEX('Earth curves'!$A$2:$A$46,MAX(1,MIN(44,IFERROR(MATCH(F38,'Earth curves'!$A$2:$A$46,1),1)))))) | S38: =MEDIAN(0.307692,Q38+MEDIAN(-0.350583,O38+NORMSINV(H38)*0.064828*Config!$B$3,0.120277),0.993846) | T38: =ROUND(Config!$B$7+(Config!$B$8-Config!$B$7)*S38,1) | V38: =IF(U38="",T38,U38) | W38: =MEDIAN(0.05,R38+MEDIAN(-0.302219,P38+NORMSINV(I38)*0.089531*Config!$B$3,0.274961),0.999) | X38: =(INDEX('Earth curves'!$F$2:$F$46,MAX(1,MIN(44,IFERROR(MATCH(W38,'Earth curves'!$E$2:$E$46,1),1))))+(W38-INDEX('Earth curves'!$E$2:$E$46,MAX(1,MIN(44,IFERROR(MATCH(W38,'Earth curves'!$E$2:$E$46,1),1)))))*(INDEX('Earth curves'!$F$2:$F$46,MAX(1,MIN(44,IFERROR(MATCH(W38,'Earth curves'!$E$2:$E$46,1),1)))+1)-INDEX('Earth curves'!$F$2:$F$46,MAX(1,MIN(44,IFERROR(MATCH(W38,'Earth curves'!$E$2:$E$46,1),1)))))/(INDEX('Earth curves'!$E$2:$E$46,MAX(1,MIN(44,IFERROR(MATCH(W38,'Earth curves'!$E$2:$E$46,1),1)))+1)-INDEX('Earth curves'!$E$2:$E$46,MAX(1,MIN(44,IFERROR(MATCH(W38,'Earth curves'!$E$2:$E$46,1),1)))))) | Y38: =(INDEX('Earth curves'!$G$2:$G$46,MAX(1,MIN(44,IFERROR(MATCH(W38,'Earth curves'!$E$2:$E$46,1),1))))+(W38-INDEX('Earth curves'!$E$2:$E$46,MAX(1,MIN(44,IFERROR(MATCH(W38,'Earth curves'!$E$2:$E$46,1),1)))))*(INDEX('Earth curves'!$G$2:$G$46,MAX(1,MIN(44,IFERROR(MATCH(W38,'Earth curves'!$E$2:$E$46,1),1)))+1)-INDEX('Earth curves'!$G$2:$G$46,MAX(1,MIN(44,IFERROR(MATCH(W38,'Earth curves'!$E$2:$E$46,1),1)))))/(INDEX('Earth curves'!$E$2:$E$46,MAX(1,MIN(44,IFERROR(MATCH(W38,'Earth curves'!$E$2:$E$46,1),1)))+1)-INDEX('Earth curves'!$E$2:$E$46,MAX(1,MIN(44,IFERROR(MATCH(W38,'Earth curves'!$E$2:$E$46,1),1)))))) | Z38: =(MIN(X38/Config!$B$9,1)+MIN(Y38/Config!$B$10,1))/2 | AA38: =ROUND(MIN(22,MAX(3,X38*W38/Z38)),1) | AC38: =IF(AB38="",AA38,AB38) | AD38: =ROUND(MIN(Config!$B$10,MAX(1,Y38*W38/Z38)),1) | AF38: =IF(AE38="",AD38,AE38) | AG38: =(V38-Config!$B$7)/(Config!$B$8-Config!$B$7) | AH38: =(MIN(AC38/Config!$B$9,1)+MIN(AF38/Config!$B$10,1))/2 | AI38: =ROUND((AG38*AH38*G38)^(1/3),3) | AJ38: 0.601 | AK38: =AI38-AJ38 | AL38: =AK38-AVERAGE($AK$2:$AK$173) | AM38: =IF(ABS(AL38)>Config!$B$11,"REVIEW","") | AN38: =RANK(AI38,$AI$2:$AI$173) | AO38: =RANK(AJ38,$AJ$2:$AJ$173) | AP38: 38
A39: Estijan | B39: Ayuma | C39: resource | D39: 86032 | E39: =D39*Config!$B$4 | F39: =LN(MAX(60,E39)) | G39: =MEDIAN(0,(F39-LN(Config!$B$5))/(LN(Config!$B$6)-LN(Config!$B$5)),1) | H39: =MOD((Config!$B$2+$AP39*7919)*9301+49297,233280)/233280 | I39: =MOD((Config!$B$2+$AP39*104729)*4096+150889,714025)/714025 | J39: =MOD((Config!$B$2*31+$AP39*15485863)*1366+150889,714025)/714025 | M39: =COUNTIF(Siblings!$A$2:$A$84,B39) | N39: =1+INT(J39*M39) | O39: =IF(K39<>"",K39,IFERROR(INDEX(Siblings!$D$2:$D$84,MATCH(B39&"|"&N39,Siblings!$F$2:$F$84,0)),0)) | P39: =IF(L39<>"",L39,IFERROR(INDEX(Siblings!$E$2:$E$84,MATCH(B39&"|"&N39,Siblings!$F$2:$F$84,0)),0)) | Q39: =(INDEX('Earth curves'!$B$2:$B$46,MAX(1,MIN(44,IFERROR(MATCH(F39,'Earth curves'!$A$2:$A$46,1),1))))+(F39-INDEX('Earth curves'!$A$2:$A$46,MAX(1,MIN(44,IFERROR(MATCH(F39,'Earth curves'!$A$2:$A$46,1),1)))))*(INDEX('Earth curves'!$B$2:$B$46,MAX(1,MIN(44,IFERROR(MATCH(F39,'Earth curves'!$A$2:$A$46,1),1)))+1)-INDEX('Earth curves'!$B$2:$B$46,MAX(1,MIN(44,IFERROR(MATCH(F39,'Earth curves'!$A$2:$A$46,1),1)))))/(INDEX('Earth curves'!$A$2:$A$46,MAX(1,MIN(44,IFERROR(MATCH(F39,'Earth curves'!$A$2:$A$46,1),1)))+1)-INDEX('Earth curves'!$A$2:$A$46,MAX(1,MIN(44,IFERROR(MATCH(F39,'Earth curves'!$A$2:$A$46,1),1)))))) | R39: =(INDEX('Earth curves'!$C$2:$C$46,MAX(1,MIN(44,IFERROR(MATCH(F39,'Earth curves'!$A$2:$A$46,1),1))))+(F39-INDEX('Earth curves'!$A$2:$A$46,MAX(1,MIN(44,IFERROR(MATCH(F39,'Earth curves'!$A$2:$A$46,1),1)))))*(INDEX('Earth curves'!$C$2:$C$46,MAX(1,MIN(44,IFERROR(MATCH(F39,'Earth curves'!$A$2:$A$46,1),1)))+1)-INDEX('Earth curves'!$C$2:$C$46,MAX(1,MIN(44,IFERROR(MATCH(F39,'Earth curves'!$A$2:$A$46,1),1)))))/(INDEX('Earth curves'!$A$2:$A$46,MAX(1,MIN(44,IFERROR(MATCH(F39,'Earth curves'!$A$2:$A$46,1),1)))+1)-INDEX('Earth curves'!$A$2:$A$46,MAX(1,MIN(44,IFERROR(MATCH(F39,'Earth curves'!$A$2:$A$46,1),1)))))) | S39: =MEDIAN(0.307692,Q39+MEDIAN(-0.350583,O39+NORMSINV(H39)*0.064828*Config!$B$3,0.120277),0.993846) | T39: =ROUND(Config!$B$7+(Config!$B$8-Config!$B$7)*S39,1) | V39: =IF(U39="",T39,U39) | W39: =MEDIAN(0.05,R39+MEDIAN(-0.302219,P39+NORMSINV(I39)*0.089531*Config!$B$3,0.274961),0.999) | X39: =(INDEX('Earth curves'!$F$2:$F$46,MAX(1,MIN(44,IFERROR(MATCH(W39,'Earth curves'!$E$2:$E$46,1),1))))+(W39-INDEX('Earth curves'!$E$2:$E$46,MAX(1,MIN(44,IFERROR(MATCH(W39,'Earth curves'!$E$2:$E$46,1),1)))))*(INDEX('Earth curves'!$F$2:$F$46,MAX(1,MIN(44,IFERROR(MATCH(W39,'Earth curves'!$E$2:$E$46,1),1)))+1)-INDEX('Earth curves'!$F$2:$F$46,MAX(1,MIN(44,IFERROR(MATCH(W39,'Earth curves'!$E$2:$E$46,1),1)))))/(INDEX('Earth curves'!$E$2:$E$46,MAX(1,MIN(44,IFERROR(MATCH(W39,'Earth curves'!$E$2:$E$46,1),1)))+1)-INDEX('Earth curves'!$E$2:$E$46,MAX(1,MIN(44,IFERROR(MATCH(W39,'Earth curves'!$E$2:$E$46,1),1)))))) | Y39: =(INDEX('Earth curves'!$G$2:$G$46,MAX(1,MIN(44,IFERROR(MATCH(W39,'Earth curves'!$E$2:$E$46,1),1))))+(W39-INDEX('Earth curves'!$E$2:$E$46,MAX(1,MIN(44,IFERROR(MATCH(W39,'Earth curves'!$E$2:$E$46,1),1)))))*(INDEX('Earth curves'!$G$2:$G$46,MAX(1,MIN(44,IFERROR(MATCH(W39,'Earth curves'!$E$2:$E$46,1),1)))+1)-INDEX('Earth curves'!$G$2:$G$46,MAX(1,MIN(44,IFERROR(MATCH(W39,'Earth curves'!$E$2:$E$46,1),1)))))/(INDEX('Earth curves'!$E$2:$E$46,MAX(1,MIN(44,IFERROR(MATCH(W39,'Earth curves'!$E$2:$E$46,1),1)))+1)-INDEX('Earth curves'!$E$2:$E$46,MAX(1,MIN(44,IFERROR(MATCH(W39,'Earth curves'!$E$2:$E$46,1),1)))))) | Z39: =(MIN(X39/Config!$B$9,1)+MIN(Y39/Config!$B$10,1))/2 | AA39: =ROUND(MIN(22,MAX(3,X39*W39/Z39)),1) | AC39: =IF(AB39="",AA39,AB39) | AD39: =ROUND(MIN(Config!$B$10,MAX(1,Y39*W39/Z39)),1) | AF39: =IF(AE39="",AD39,AE39) | AG39: =(V39-Config!$B$7)/(Config!$B$8-Config!$B$7) | AH39: =(MIN(AC39/Config!$B$9,1)+MIN(AF39/Config!$B$10,1))/2 | AI39: =ROUND((AG39*AH39*G39)^(1/3),3) | AJ39: 0.825 | AK39: =AI39-AJ39 | AL39: =AK39-AVERAGE($AK$2:$AK$173) | AM39: =IF(ABS(AL39)>Config!$B$11,"REVIEW","") | AN39: =RANK(AI39,$AI$2:$AI$173) | AO39: =RANK(AJ39,$AJ$2:$AJ$173) | AP39: 39
A40: Etirha | B40: Atirha | C40: resource, tradehub, university | D40: 283175 | E40: =D40*Config!$B$4 | F40: =LN(MAX(60,E40)) | G40: =MEDIAN(0,(F40-LN(Config!$B$5))/(LN(Config!$B$6)-LN(Config!$B$5)),1) | H40: =MOD((Config!$B$2+$AP40*7919)*9301+49297,233280)/233280 | I40: =MOD((Config!$B$2+$AP40*104729)*4096+150889,714025)/714025 | J40: =MOD((Config!$B$2*31+$AP40*15485863)*1366+150889,714025)/714025 | M40: =COUNTIF(Siblings!$A$2:$A$84,B40) | N40: =1+INT(J40*M40) | O40: =IF(K40<>"",K40,IFERROR(INDEX(Siblings!$D$2:$D$84,MATCH(B40&"|"&N40,Siblings!$F$2:$F$84,0)),0)) | P40: =IF(L40<>"",L40,IFERROR(INDEX(Siblings!$E$2:$E$84,MATCH(B40&"|"&N40,Siblings!$F$2:$F$84,0)),0)) | Q40: =(INDEX('Earth curves'!$B$2:$B$46,MAX(1,MIN(44,IFERROR(MATCH(F40,'Earth curves'!$A$2:$A$46,1),1))))+(F40-INDEX('Earth curves'!$A$2:$A$46,MAX(1,MIN(44,IFERROR(MATCH(F40,'Earth curves'!$A$2:$A$46,1),1)))))*(INDEX('Earth curves'!$B$2:$B$46,MAX(1,MIN(44,IFERROR(MATCH(F40,'Earth curves'!$A$2:$A$46,1),1)))+1)-INDEX('Earth curves'!$B$2:$B$46,MAX(1,MIN(44,IFERROR(MATCH(F40,'Earth curves'!$A$2:$A$46,1),1)))))/(INDEX('Earth curves'!$A$2:$A$46,MAX(1,MIN(44,IFERROR(MATCH(F40,'Earth curves'!$A$2:$A$46,1),1)))+1)-INDEX('Earth curves'!$A$2:$A$46,MAX(1,MIN(44,IFERROR(MATCH(F40,'Earth curves'!$A$2:$A$46,1),1)))))) | R40: =(INDEX('Earth curves'!$C$2:$C$46,MAX(1,MIN(44,IFERROR(MATCH(F40,'Earth curves'!$A$2:$A$46,1),1))))+(F40-INDEX('Earth curves'!$A$2:$A$46,MAX(1,MIN(44,IFERROR(MATCH(F40,'Earth curves'!$A$2:$A$46,1),1)))))*(INDEX('Earth curves'!$C$2:$C$46,MAX(1,MIN(44,IFERROR(MATCH(F40,'Earth curves'!$A$2:$A$46,1),1)))+1)-INDEX('Earth curves'!$C$2:$C$46,MAX(1,MIN(44,IFERROR(MATCH(F40,'Earth curves'!$A$2:$A$46,1),1)))))/(INDEX('Earth curves'!$A$2:$A$46,MAX(1,MIN(44,IFERROR(MATCH(F40,'Earth curves'!$A$2:$A$46,1),1)))+1)-INDEX('Earth curves'!$A$2:$A$46,MAX(1,MIN(44,IFERROR(MATCH(F40,'Earth curves'!$A$2:$A$46,1),1)))))) | S40: =MEDIAN(0.307692,Q40+MEDIAN(-0.350583,O40+NORMSINV(H40)*0.064828*Config!$B$3,0.120277),0.993846) | T40: =ROUND(Config!$B$7+(Config!$B$8-Config!$B$7)*S40,1) | V40: =IF(U40="",T40,U40) | W40: =MEDIAN(0.05,R40+MEDIAN(-0.302219,P40+NORMSINV(I40)*0.089531*Config!$B$3,0.274961),0.999) | X40: =(INDEX('Earth curves'!$F$2:$F$46,MAX(1,MIN(44,IFERROR(MATCH(W40,'Earth curves'!$E$2:$E$46,1),1))))+(W40-INDEX('Earth curves'!$E$2:$E$46,MAX(1,MIN(44,IFERROR(MATCH(W40,'Earth curves'!$E$2:$E$46,1),1)))))*(INDEX('Earth curves'!$F$2:$F$46,MAX(1,MIN(44,IFERROR(MATCH(W40,'Earth curves'!$E$2:$E$46,1),1)))+1)-INDEX('Earth curves'!$F$2:$F$46,MAX(1,MIN(44,IFERROR(MATCH(W40,'Earth curves'!$E$2:$E$46,1),1)))))/(INDEX('Earth curves'!$E$2:$E$46,MAX(1,MIN(44,IFERROR(MATCH(W40,'Earth curves'!$E$2:$E$46,1),1)))+1)-INDEX('Earth curves'!$E$2:$E$46,MAX(1,MIN(44,IFERROR(MATCH(W40,'Earth curves'!$E$2:$E$46,1),1)))))) | Y40: =(INDEX('Earth curves'!$G$2:$G$46,MAX(1,MIN(44,IFERROR(MATCH(W40,'Earth curves'!$E$2:$E$46,1),1))))+(W40-INDEX('Earth curves'!$E$2:$E$46,MAX(1,MIN(44,IFERROR(MATCH(W40,'Earth curves'!$E$2:$E$46,1),1)))))*(INDEX('Earth curves'!$G$2:$G$46,MAX(1,MIN(44,IFERROR(MATCH(W40,'Earth curves'!$E$2:$E$46,1),1)))+1)-INDEX('Earth curves'!$G$2:$G$46,MAX(1,MIN(44,IFERROR(MATCH(W40,'Earth curves'!$E$2:$E$46,1),1)))))/(INDEX('Earth curves'!$E$2:$E$46,MAX(1,MIN(44,IFERROR(MATCH(W40,'Earth curves'!$E$2:$E$46,1),1)))+1)-INDEX('Earth curves'!$E$2:$E$46,MAX(1,MIN(44,IFERROR(MATCH(W40,'Earth curves'!$E$2:$E$46,1),1)))))) | Z40: =(MIN(X40/Config!$B$9,1)+MIN(Y40/Config!$B$10,1))/2 | AA40: =ROUND(MIN(22,MAX(3,X40*W40/Z40)),1) | AC40: =IF(AB40="",AA40,AB40) | AD40: =ROUND(MIN(Config!$B$10,MAX(1,Y40*W40/Z40)),1) | AF40: =IF(AE40="",AD40,AE40) | AG40: =(V40-Config!$B$7)/(Config!$B$8-Config!$B$7) | AH40: =(MIN(AC40/Config!$B$9,1)+MIN(AF40/Config!$B$10,1))/2 | AI40: =ROUND((AG40*AH40*G40)^(1/3),3) | AJ40: 0.969 | AK40: =AI40-AJ40 | AL40: =AK40-AVERAGE($AK$2:$AK$173) | AM40: =IF(ABS(AL40)>Config!$B$11,"REVIEW","") | AN40: =RANK(AI40,$AI$2:$AI$173) | AO40: =RANK(AJ40,$AJ$2:$AJ$173) | AP40: 40
A41: Etretes | B41: Massir | C41: militarised, resource | D41: 183175 | E41: =D41*Config!$B$4 | F41: =LN(MAX(60,E41)) | G41: =MEDIAN(0,(F41-LN(Config!$B$5))/(LN(Config!$B$6)-LN(Config!$B$5)),1) | H41: =MOD((Config!$B$2+$AP41*7919)*9301+49297,233280)/233280 | I41: =MOD((Config!$B$2+$AP41*104729)*4096+150889,714025)/714025 | J41: =MOD((Config!$B$2*31+$AP41*15485863)*1366+150889,714025)/714025 | K41: 0.050238 | L41: 0.011282 | M41: =COUNTIF(Siblings!$A$2:$A$84,B41) | N41: =1+INT(J41*M41) | O41: =IF(K41<>"",K41,IFERROR(INDEX(Siblings!$D$2:$D$84,MATCH(B41&"|"&N41,Siblings!$F$2:$F$84,0)),0)) | P41: =IF(L41<>"",L41,IFERROR(INDEX(Siblings!$E$2:$E$84,MATCH(B41&"|"&N41,Siblings!$F$2:$F$84,0)),0)) | Q41: =(INDEX('Earth curves'!$B$2:$B$46,MAX(1,MIN(44,IFERROR(MATCH(F41,'Earth curves'!$A$2:$A$46,1),1))))+(F41-INDEX('Earth curves'!$A$2:$A$46,MAX(1,MIN(44,IFERROR(MATCH(F41,'Earth curves'!$A$2:$A$46,1),1)))))*(INDEX('Earth curves'!$B$2:$B$46,MAX(1,MIN(44,IFERROR(MATCH(F41,'Earth curves'!$A$2:$A$46,1),1)))+1)-INDEX('Earth curves'!$B$2:$B$46,MAX(1,MIN(44,IFERROR(MATCH(F41,'Earth curves'!$A$2:$A$46,1),1)))))/(INDEX('Earth curves'!$A$2:$A$46,MAX(1,MIN(44,IFERROR(MATCH(F41,'Earth curves'!$A$2:$A$46,1),1)))+1)-INDEX('Earth curves'!$A$2:$A$46,MAX(1,MIN(44,IFERROR(MATCH(F41,'Earth curves'!$A$2:$A$46,1),1)))))) | R41: =(INDEX('Earth curves'!$C$2:$C$46,MAX(1,MIN(44,IFERROR(MATCH(F41,'Earth curves'!$A$2:$A$46,1),1))))+(F41-INDEX('Earth curves'!$A$2:$A$46,MAX(1,MIN(44,IFERROR(MATCH(F41,'Earth curves'!$A$2:$A$46,1),1)))))*(INDEX('Earth curves'!$C$2:$C$46,MAX(1,MIN(44,IFERROR(MATCH(F41,'Earth curves'!$A$2:$A$46,1),1)))+1)-INDEX('Earth curves'!$C$2:$C$46,MAX(1,MIN(44,IFERROR(MATCH(F41,'Earth curves'!$A$2:$A$46,1),1)))))/(INDEX('Earth curves'!$A$2:$A$46,MAX(1,MIN(44,IFERROR(MATCH(F41,'Earth curves'!$A$2:$A$46,1),1)))+1)-INDEX('Earth curves'!$A$2:$A$46,MAX(1,MIN(44,IFERROR(MATCH(F41,'Earth curves'!$A$2:$A$46,1),1)))))) | S41: =MEDIAN(0.307692,Q41+MEDIAN(-0.350583,O41+NORMSINV(H41)*0.064828*Config!$B$3,0.120277),0.993846) | T41: =ROUND(Config!$B$7+(Config!$B$8-Config!$B$7)*S41,1) | V41: =IF(U41="",T41,U41) | W41: =MEDIAN(0.05,R41+MEDIAN(-0.302219,P41+NORMSINV(I41)*0.089531*Config!$B$3,0.274961),0.999) | X41: =(INDEX('Earth curves'!$F$2:$F$46,MAX(1,MIN(44,IFERROR(MATCH(W41,'Earth curves'!$E$2:$E$46,1),1))))+(W41-INDEX('Earth curves'!$E$2:$E$46,MAX(1,MIN(44,IFERROR(MATCH(W41,'Earth curves'!$E$2:$E$46,1),1)))))*(INDEX('Earth curves'!$F$2:$F$46,MAX(1,MIN(44,IFERROR(MATCH(W41,'Earth curves'!$E$2:$E$46,1),1)))+1)-INDEX('Earth curves'!$F$2:$F$46,MAX(1,MIN(44,IFERROR(MATCH(W41,'Earth curves'!$E$2:$E$46,1),1)))))/(INDEX('Earth curves'!$E$2:$E$46,MAX(1,MIN(44,IFERROR(MATCH(W41,'Earth curves'!$E$2:$E$46,1),1)))+1)-INDEX('Earth curves'!$E$2:$E$46,MAX(1,MIN(44,IFERROR(MATCH(W41,'Earth curves'!$E$2:$E$46,1),1)))))) | Y41: =(INDEX('Earth curves'!$G$2:$G$46,MAX(1,MIN(44,IFERROR(MATCH(W41,'Earth curves'!$E$2:$E$46,1),1))))+(W41-INDEX('Earth curves'!$E$2:$E$46,MAX(1,MIN(44,IFERROR(MATCH(W41,'Earth curves'!$E$2:$E$46,1),1)))))*(INDEX('Earth curves'!$G$2:$G$46,MAX(1,MIN(44,IFERROR(MATCH(W41,'Earth curves'!$E$2:$E$46,1),1)))+1)-INDEX('Earth curves'!$G$2:$G$46,MAX(1,MIN(44,IFERROR(MATCH(W41,'Earth curves'!$E$2:$E$46,1),1)))))/(INDEX('Earth curves'!$E$2:$E$46,MAX(1,MIN(44,IFERROR(MATCH(W41,'Earth curves'!$E$2:$E$46,1),1)))+1)-INDEX('Earth curves'!$E$2:$E$46,MAX(1,MIN(44,IFERROR(MATCH(W41,'Earth curves'!$E$2:$E$46,1),1)))))) | Z41: =(MIN(X41/Config!$B$9,1)+MIN(Y41/Config!$B$10,1))/2 | AA41: =ROUND(MIN(22,MAX(3,X41*W41/Z41)),1) | AC41: =IF(AB41="",AA41,AB41) | AD41: =ROUND(MIN(Config!$B$10,MAX(1,Y41*W41/Z41)),1) | AF41: =IF(AE41="",AD41,AE41) | AG41: =(V41-Config!$B$7)/(Config!$B$8-Config!$B$7) | AH41: =(MIN(AC41/Config!$B$9,1)+MIN(AF41/Config!$B$10,1))/2 | AI41: =ROUND((AG41*AH41*G41)^(1/3),3) | AJ41: 0.731 | AK41: =AI41-AJ41 | AL41: =AK41-AVERAGE($AK$2:$AK$173) | AM41: =IF(ABS(AL41)>Config!$B$11,"REVIEW","") | AN41: =RANK(AI41,$AI$2:$AI$173) | AO41: =RANK(AJ41,$AJ$2:$AJ$173) | AP41: 41
A42: Exilium | B42: Mahea | C42: resource | D42: 13937 | E42: =D42*Config!$B$4 | F42: =LN(MAX(60,E42)) | G42: =MEDIAN(0,(F42-LN(Config!$B$5))/(LN(Config!$B$6)-LN(Config!$B$5)),1) | H42: =MOD((Config!$B$2+$AP42*7919)*9301+49297,233280)/233280 | I42: =MOD((Config!$B$2+$AP42*104729)*4096+150889,714025)/714025 | J42: =MOD((Config!$B$2*31+$AP42*15485863)*1366+150889,714025)/714025 | K42: 0.016028 | L42: 0.077302 | M42: =COUNTIF(Siblings!$A$2:$A$84,B42) | N42: =1+INT(J42*M42) | O42: =IF(K42<>"",K42,IFERROR(INDEX(Siblings!$D$2:$D$84,MATCH(B42&"|"&N42,Siblings!$F$2:$F$84,0)),0)) | P42: =IF(L42<>"",L42,IFERROR(INDEX(Siblings!$E$2:$E$84,MATCH(B42&"|"&N42,Siblings!$F$2:$F$84,0)),0)) | Q42: =(INDEX('Earth curves'!$B$2:$B$46,MAX(1,MIN(44,IFERROR(MATCH(F42,'Earth curves'!$A$2:$A$46,1),1))))+(F42-INDEX('Earth curves'!$A$2:$A$46,MAX(1,MIN(44,IFERROR(MATCH(F42,'Earth curves'!$A$2:$A$46,1),1)))))*(INDEX('Earth curves'!$B$2:$B$46,MAX(1,MIN(44,IFERROR(MATCH(F42,'Earth curves'!$A$2:$A$46,1),1)))+1)-INDEX('Earth curves'!$B$2:$B$46,MAX(1,MIN(44,IFERROR(MATCH(F42,'Earth curves'!$A$2:$A$46,1),1)))))/(INDEX('Earth curves'!$A$2:$A$46,MAX(1,MIN(44,IFERROR(MATCH(F42,'Earth curves'!$A$2:$A$46,1),1)))+1)-INDEX('Earth curves'!$A$2:$A$46,MAX(1,MIN(44,IFERROR(MATCH(F42,'Earth curves'!$A$2:$A$46,1),1)))))) | R42: =(INDEX('Earth curves'!$C$2:$C$46,MAX(1,MIN(44,IFERROR(MATCH(F42,'Earth curves'!$A$2:$A$46,1),1))))+(F42-INDEX('Earth curves'!$A$2:$A$46,MAX(1,MIN(44,IFERROR(MATCH(F42,'Earth curves'!$A$2:$A$46,1),1)))))*(INDEX('Earth curves'!$C$2:$C$46,MAX(1,MIN(44,IFERROR(MATCH(F42,'Earth curves'!$A$2:$A$46,1),1)))+1)-INDEX('Earth curves'!$C$2:$C$46,MAX(1,MIN(44,IFERROR(MATCH(F42,'Earth curves'!$A$2:$A$46,1),1)))))/(INDEX('Earth curves'!$A$2:$A$46,MAX(1,MIN(44,IFERROR(MATCH(F42,'Earth curves'!$A$2:$A$46,1),1)))+1)-INDEX('Earth curves'!$A$2:$A$46,MAX(1,MIN(44,IFERROR(MATCH(F42,'Earth curves'!$A$2:$A$46,1),1)))))) | S42: =MEDIAN(0.307692,Q42+MEDIAN(-0.350583,O42+NORMSINV(H42)*0.064828*Config!$B$3,0.120277),0.993846) | T42: =ROUND(Config!$B$7+(Config!$B$8-Config!$B$7)*S42,1) | V42: =IF(U42="",T42,U42) | W42: =MEDIAN(0.05,R42+MEDIAN(-0.302219,P42+NORMSINV(I42)*0.089531*Config!$B$3,0.274961),0.999) | X42: =(INDEX('Earth curves'!$F$2:$F$46,MAX(1,MIN(44,IFERROR(MATCH(W42,'Earth curves'!$E$2:$E$46,1),1))))+(W42-INDEX('Earth curves'!$E$2:$E$46,MAX(1,MIN(44,IFERROR(MATCH(W42,'Earth curves'!$E$2:$E$46,1),1)))))*(INDEX('Earth curves'!$F$2:$F$46,MAX(1,MIN(44,IFERROR(MATCH(W42,'Earth curves'!$E$2:$E$46,1),1)))+1)-INDEX('Earth curves'!$F$2:$F$46,MAX(1,MIN(44,IFERROR(MATCH(W42,'Earth curves'!$E$2:$E$46,1),1)))))/(INDEX('Earth curves'!$E$2:$E$46,MAX(1,MIN(44,IFERROR(MATCH(W42,'Earth curves'!$E$2:$E$46,1),1)))+1)-INDEX('Earth curves'!$E$2:$E$46,MAX(1,MIN(44,IFERROR(MATCH(W42,'Earth curves'!$E$2:$E$46,1),1)))))) | Y42: =(INDEX('Earth curves'!$G$2:$G$46,MAX(1,MIN(44,IFERROR(MATCH(W42,'Earth curves'!$E$2:$E$46,1),1))))+(W42-INDEX('Earth curves'!$E$2:$E$46,MAX(1,MIN(44,IFERROR(MATCH(W42,'Earth curves'!$E$2:$E$46,1),1)))))*(INDEX('Earth curves'!$G$2:$G$46,MAX(1,MIN(44,IFERROR(MATCH(W42,'Earth curves'!$E$2:$E$46,1),1)))+1)-INDEX('Earth curves'!$G$2:$G$46,MAX(1,MIN(44,IFERROR(MATCH(W42,'Earth curves'!$E$2:$E$46,1),1)))))/(INDEX('Earth curves'!$E$2:$E$46,MAX(1,MIN(44,IFERROR(MATCH(W42,'Earth curves'!$E$2:$E$46,1),1)))+1)-INDEX('Earth curves'!$E$2:$E$46,MAX(1,MIN(44,IFERROR(MATCH(W42,'Earth curves'!$E$2:$E$46,1),1)))))) | Z42: =(MIN(X42/Config!$B$9,1)+MIN(Y42/Config!$B$10,1))/2 | AA42: =ROUND(MIN(22,MAX(3,X42*W42/Z42)),1) | AC42: =IF(AB42="",AA42,AB42) | AD42: =ROUND(MIN(Config!$B$10,MAX(1,Y42*W42/Z42)),1) | AF42: =IF(AE42="",AD42,AE42) | AG42: =(V42-Config!$B$7)/(Config!$B$8-Config!$B$7) | AH42: =(MIN(AC42/Config!$B$9,1)+MIN(AF42/Config!$B$10,1))/2 | AI42: =ROUND((AG42*AH42*G42)^(1/3),3) | AJ42: 0.673 | AK42: =AI42-AJ42 | AL42: =AK42-AVERAGE($AK$2:$AK$173) | AM42: =IF(ABS(AL42)>Config!$B$11,"REVIEW","") | AN42: =RANK(AI42,$AI$2:$AI$173) | AO42: =RANK(AJ42,$AJ$2:$AJ$173) | AP42: 42
A43: Far Lands | B43: Quia | C43: militarised, resource | D43: 1238 | E43: =D43*Config!$B$4 | F43: =LN(MAX(60,E43)) | G43: =MEDIAN(0,(F43-LN(Config!$B$5))/(LN(Config!$B$6)-LN(Config!$B$5)),1) | H43: =MOD((Config!$B$2+$AP43*7919)*9301+49297,233280)/233280 | I43: =MOD((Config!$B$2+$AP43*104729)*4096+150889,714025)/714025 | J43: =MOD((Config!$B$2*31+$AP43*15485863)*1366+150889,714025)/714025 | M43: =COUNTIF(Siblings!$A$2:$A$84,B43) | N43: =1+INT(J43*M43) | O43: =IF(K43<>"",K43,IFERROR(INDEX(Siblings!$D$2:$D$84,MATCH(B43&"|"&N43,Siblings!$F$2:$F$84,0)),0)) | P43: =IF(L43<>"",L43,IFERROR(INDEX(Siblings!$E$2:$E$84,MATCH(B43&"|"&N43,Siblings!$F$2:$F$84,0)),0)) | Q43: =(INDEX('Earth curves'!$B$2:$B$46,MAX(1,MIN(44,IFERROR(MATCH(F43,'Earth curves'!$A$2:$A$46,1),1))))+(F43-INDEX('Earth curves'!$A$2:$A$46,MAX(1,MIN(44,IFERROR(MATCH(F43,'Earth curves'!$A$2:$A$46,1),1)))))*(INDEX('Earth curves'!$B$2:$B$46,MAX(1,MIN(44,IFERROR(MATCH(F43,'Earth curves'!$A$2:$A$46,1),1)))+1)-INDEX('Earth curves'!$B$2:$B$46,MAX(1,MIN(44,IFERROR(MATCH(F43,'Earth curves'!$A$2:$A$46,1),1)))))/(INDEX('Earth curves'!$A$2:$A$46,MAX(1,MIN(44,IFERROR(MATCH(F43,'Earth curves'!$A$2:$A$46,1),1)))+1)-INDEX('Earth curves'!$A$2:$A$46,MAX(1,MIN(44,IFERROR(MATCH(F43,'Earth curves'!$A$2:$A$46,1),1)))))) | R43: =(INDEX('Earth curves'!$C$2:$C$46,MAX(1,MIN(44,IFERROR(MATCH(F43,'Earth curves'!$A$2:$A$46,1),1))))+(F43-INDEX('Earth curves'!$A$2:$A$46,MAX(1,MIN(44,IFERROR(MATCH(F43,'Earth curves'!$A$2:$A$46,1),1)))))*(INDEX('Earth curves'!$C$2:$C$46,MAX(1,MIN(44,IFERROR(MATCH(F43,'Earth curves'!$A$2:$A$46,1),1)))+1)-INDEX('Earth curves'!$C$2:$C$46,MAX(1,MIN(44,IFERROR(MATCH(F43,'Earth curves'!$A$2:$A$46,1),1)))))/(INDEX('Earth curves'!$A$2:$A$46,MAX(1,MIN(44,IFERROR(MATCH(F43,'Earth curves'!$A$2:$A$46,1),1)))+1)-INDEX('Earth curves'!$A$2:$A$46,MAX(1,MIN(44,IFERROR(MATCH(F43,'Earth curves'!$A$2:$A$46,1),1)))))) | S43: =MEDIAN(0.307692,Q43+MEDIAN(-0.350583,O43+NORMSINV(H43)*0.064828*Config!$B$3,0.120277),0.993846) | T43: =ROUND(Config!$B$7+(Config!$B$8-Config!$B$7)*S43,1) | V43: =IF(U43="",T43,U43) | W43: =MEDIAN(0.05,R43+MEDIAN(-0.302219,P43+NORMSINV(I43)*0.089531*Config!$B$3,0.274961),0.999) | X43: =(INDEX('Earth curves'!$F$2:$F$46,MAX(1,MIN(44,IFERROR(MATCH(W43,'Earth curves'!$E$2:$E$46,1),1))))+(W43-INDEX('Earth curves'!$E$2:$E$46,MAX(1,MIN(44,IFERROR(MATCH(W43,'Earth curves'!$E$2:$E$46,1),1)))))*(INDEX('Earth curves'!$F$2:$F$46,MAX(1,MIN(44,IFERROR(MATCH(W43,'Earth curves'!$E$2:$E$46,1),1)))+1)-INDEX('Earth curves'!$F$2:$F$46,MAX(1,MIN(44,IFERROR(MATCH(W43,'Earth curves'!$E$2:$E$46,1),1)))))/(INDEX('Earth curves'!$E$2:$E$46,MAX(1,MIN(44,IFERROR(MATCH(W43,'Earth curves'!$E$2:$E$46,1),1)))+1)-INDEX('Earth curves'!$E$2:$E$46,MAX(1,MIN(44,IFERROR(MATCH(W43,'Earth curves'!$E$2:$E$46,1),1)))))) | Y43: =(INDEX('Earth curves'!$G$2:$G$46,MAX(1,MIN(44,IFERROR(MATCH(W43,'Earth curves'!$E$2:$E$46,1),1))))+(W43-INDEX('Earth curves'!$E$2:$E$46,MAX(1,MIN(44,IFERROR(MATCH(W43,'Earth curves'!$E$2:$E$46,1),1)))))*(INDEX('Earth curves'!$G$2:$G$46,MAX(1,MIN(44,IFERROR(MATCH(W43,'Earth curves'!$E$2:$E$46,1),1)))+1)-INDEX('Earth curves'!$G$2:$G$46,MAX(1,MIN(44,IFERROR(MATCH(W43,'Earth curves'!$E$2:$E$46,1),1)))))/(INDEX('Earth curves'!$E$2:$E$46,MAX(1,MIN(44,IFERROR(MATCH(W43,'Earth curves'!$E$2:$E$46,1),1)))+1)-INDEX('Earth curves'!$E$2:$E$46,MAX(1,MIN(44,IFERROR(MATCH(W43,'Earth curves'!$E$2:$E$46,1),1)))))) | Z43: =(MIN(X43/Config!$B$9,1)+MIN(Y43/Config!$B$10,1))/2 | AA43: =ROUND(MIN(22,MAX(3,X43*W43/Z43)),1) | AC43: =IF(AB43="",AA43,AB43) | AD43: =ROUND(MIN(Config!$B$10,MAX(1,Y43*W43/Z43)),1) | AF43: =IF(AE43="",AD43,AE43) | AG43: =(V43-Config!$B$7)/(Config!$B$8-Config!$B$7) | AH43: =(MIN(AC43/Config!$B$9,1)+MIN(AF43/Config!$B$10,1))/2 | AI43: =ROUND((AG43*AH43*G43)^(1/3),3) | AJ43: 0.463 | AK43: =AI43-AJ43 | AL43: =AK43-AVERAGE($AK$2:$AK$173) | AM43: =IF(ABS(AL43)>Config!$B$11,"REVIEW","") | AN43: =RANK(AI43,$AI$2:$AI$173) | AO43: =RANK(AJ43,$AJ$2:$AJ$173) | AP43: 43
A44: Feio Lie | B44: Acrola | C44: — | D44: 44444 | E44: =D44*Config!$B$4 | F44: =LN(MAX(60,E44)) | G44: =MEDIAN(0,(F44-LN(Config!$B$5))/(LN(Config!$B$6)-LN(Config!$B$5)),1) | H44: =MOD((Config!$B$2+$AP44*7919)*9301+49297,233280)/233280 | I44: =MOD((Config!$B$2+$AP44*104729)*4096+150889,714025)/714025 | J44: =MOD((Config!$B$2*31+$AP44*15485863)*1366+150889,714025)/714025 | K44: 0.003522 | L44: -0.190555 | M44: =COUNTIF(Siblings!$A$2:$A$84,B44) | N44: =1+INT(J44*M44) | O44: =IF(K44<>"",K44,IFERROR(INDEX(Siblings!$D$2:$D$84,MATCH(B44&"|"&N44,Siblings!$F$2:$F$84,0)),0)) | P44: =IF(L44<>"",L44,IFERROR(INDEX(Siblings!$E$2:$E$84,MATCH(B44&"|"&N44,Siblings!$F$2:$F$84,0)),0)) | Q44: =(INDEX('Earth curves'!$B$2:$B$46,MAX(1,MIN(44,IFERROR(MATCH(F44,'Earth curves'!$A$2:$A$46,1),1))))+(F44-INDEX('Earth curves'!$A$2:$A$46,MAX(1,MIN(44,IFERROR(MATCH(F44,'Earth curves'!$A$2:$A$46,1),1)))))*(INDEX('Earth curves'!$B$2:$B$46,MAX(1,MIN(44,IFERROR(MATCH(F44,'Earth curves'!$A$2:$A$46,1),1)))+1)-INDEX('Earth curves'!$B$2:$B$46,MAX(1,MIN(44,IFERROR(MATCH(F44,'Earth curves'!$A$2:$A$46,1),1)))))/(INDEX('Earth curves'!$A$2:$A$46,MAX(1,MIN(44,IFERROR(MATCH(F44,'Earth curves'!$A$2:$A$46,1),1)))+1)-INDEX('Earth curves'!$A$2:$A$46,MAX(1,MIN(44,IFERROR(MATCH(F44,'Earth curves'!$A$2:$A$46,1),1)))))) | R44: =(INDEX('Earth curves'!$C$2:$C$46,MAX(1,MIN(44,IFERROR(MATCH(F44,'Earth curves'!$A$2:$A$46,1),1))))+(F44-INDEX('Earth curves'!$A$2:$A$46,MAX(1,MIN(44,IFERROR(MATCH(F44,'Earth curves'!$A$2:$A$46,1),1)))))*(INDEX('Earth curves'!$C$2:$C$46,MAX(1,MIN(44,IFERROR(MATCH(F44,'Earth curves'!$A$2:$A$46,1),1)))+1)-INDEX('Earth curves'!$C$2:$C$46,MAX(1,MIN(44,IFERROR(MATCH(F44,'Earth curves'!$A$2:$A$46,1),1)))))/(INDEX('Earth curves'!$A$2:$A$46,MAX(1,MIN(44,IFERROR(MATCH(F44,'Earth curves'!$A$2:$A$46,1),1)))+1)-INDEX('Earth curves'!$A$2:$A$46,MAX(1,MIN(44,IFERROR(MATCH(F44,'Earth curves'!$A$2:$A$46,1),1)))))) | S44: =MEDIAN(0.307692,Q44+MEDIAN(-0.350583,O44+NORMSINV(H44)*0.064828*Config!$B$3,0.120277),0.993846) | T44: =ROUND(Config!$B$7+(Config!$B$8-Config!$B$7)*S44,1) | V44: =IF(U44="",T44,U44) | W44: =MEDIAN(0.05,R44+MEDIAN(-0.302219,P44+NORMSINV(I44)*0.089531*Config!$B$3,0.274961),0.999) | X44: =(INDEX('Earth curves'!$F$2:$F$46,MAX(1,MIN(44,IFERROR(MATCH(W44,'Earth curves'!$E$2:$E$46,1),1))))+(W44-INDEX('Earth curves'!$E$2:$E$46,MAX(1,MIN(44,IFERROR(MATCH(W44,'Earth curves'!$E$2:$E$46,1),1)))))*(INDEX('Earth curves'!$F$2:$F$46,MAX(1,MIN(44,IFERROR(MATCH(W44,'Earth curves'!$E$2:$E$46,1),1)))+1)-INDEX('Earth curves'!$F$2:$F$46,MAX(1,MIN(44,IFERROR(MATCH(W44,'Earth curves'!$E$2:$E$46,1),1)))))/(INDEX('Earth curves'!$E$2:$E$46,MAX(1,MIN(44,IFERROR(MATCH(W44,'Earth curves'!$E$2:$E$46,1),1)))+1)-INDEX('Earth curves'!$E$2:$E$46,MAX(1,MIN(44,IFERROR(MATCH(W44,'Earth curves'!$E$2:$E$46,1),1)))))) | Y44: =(INDEX('Earth curves'!$G$2:$G$46,MAX(1,MIN(44,IFERROR(MATCH(W44,'Earth curves'!$E$2:$E$46,1),1))))+(W44-INDEX('Earth curves'!$E$2:$E$46,MAX(1,MIN(44,IFERROR(MATCH(W44,'Earth curves'!$E$2:$E$46,1),1)))))*(INDEX('Earth curves'!$G$2:$G$46,MAX(1,MIN(44,IFERROR(MATCH(W44,'Earth curves'!$E$2:$E$46,1),1)))+1)-INDEX('Earth curves'!$G$2:$G$46,MAX(1,MIN(44,IFERROR(MATCH(W44,'Earth curves'!$E$2:$E$46,1),1)))))/(INDEX('Earth curves'!$E$2:$E$46,MAX(1,MIN(44,IFERROR(MATCH(W44,'Earth curves'!$E$2:$E$46,1),1)))+1)-INDEX('Earth curves'!$E$2:$E$46,MAX(1,MIN(44,IFERROR(MATCH(W44,'Earth curves'!$E$2:$E$46,1),1)))))) | Z44: =(MIN(X44/Config!$B$9,1)+MIN(Y44/Config!$B$10,1))/2 | AA44: =ROUND(MIN(22,MAX(3,X44*W44/Z44)),1) | AC44: =IF(AB44="",AA44,AB44) | AD44: =ROUND(MIN(Config!$B$10,MAX(1,Y44*W44/Z44)),1) | AF44: =IF(AE44="",AD44,AE44) | AG44: =(V44-Config!$B$7)/(Config!$B$8-Config!$B$7) | AH44: =(MIN(AC44/Config!$B$9,1)+MIN(AF44/Config!$B$10,1))/2 | AI44: =ROUND((AG44*AH44*G44)^(1/3),3) | AJ44: 0.717 | AK44: =AI44-AJ44 | AL44: =AK44-AVERAGE($AK$2:$AK$173) | AM44: =IF(ABS(AL44)>Config!$B$11,"REVIEW","") | AN44: =RANK(AI44,$AI$2:$AI$173) | AO44: =RANK(AJ44,$AJ$2:$AJ$173) | AP44: 44
A45: Fermori | B45: Ayuma | C45: resource | D45: 73651 | E45: =D45*Config!$B$4 | F45: =LN(MAX(60,E45)) | G45: =MEDIAN(0,(F45-LN(Config!$B$5))/(LN(Config!$B$6)-LN(Config!$B$5)),1) | H45: =MOD((Config!$B$2+$AP45*7919)*9301+49297,233280)/233280 | I45: =MOD((Config!$B$2+$AP45*104729)*4096+150889,714025)/714025 | J45: =MOD((Config!$B$2*31+$AP45*15485863)*1366+150889,714025)/714025 | K45: 0.001128 | L45: 0.090213 | M45: =COUNTIF(Siblings!$A$2:$A$84,B45) | N45: =1+INT(J45*M45) | O45: =IF(K45<>"",K45,IFERROR(INDEX(Siblings!$D$2:$D$84,MATCH(B45&"|"&N45,Siblings!$F$2:$F$84,0)),0)) | P45: =IF(L45<>"",L45,IFERROR(INDEX(Siblings!$E$2:$E$84,MATCH(B45&"|"&N45,Siblings!$F$2:$F$84,0)),0)) | Q45: =(INDEX('Earth curves'!$B$2:$B$46,MAX(1,MIN(44,IFERROR(MATCH(F45,'Earth curves'!$A$2:$A$46,1),1))))+(F45-INDEX('Earth curves'!$A$2:$A$46,MAX(1,MIN(44,IFERROR(MATCH(F45,'Earth curves'!$A$2:$A$46,1),1)))))*(INDEX('Earth curves'!$B$2:$B$46,MAX(1,MIN(44,IFERROR(MATCH(F45,'Earth curves'!$A$2:$A$46,1),1)))+1)-INDEX('Earth curves'!$B$2:$B$46,MAX(1,MIN(44,IFERROR(MATCH(F45,'Earth curves'!$A$2:$A$46,1),1)))))/(INDEX('Earth curves'!$A$2:$A$46,MAX(1,MIN(44,IFERROR(MATCH(F45,'Earth curves'!$A$2:$A$46,1),1)))+1)-INDEX('Earth curves'!$A$2:$A$46,MAX(1,MIN(44,IFERROR(MATCH(F45,'Earth curves'!$A$2:$A$46,1),1)))))) | R45: =(INDEX('Earth curves'!$C$2:$C$46,MAX(1,MIN(44,IFERROR(MATCH(F45,'Earth curves'!$A$2:$A$46,1),1))))+(F45-INDEX('Earth curves'!$A$2:$A$46,MAX(1,MIN(44,IFERROR(MATCH(F45,'Earth curves'!$A$2:$A$46,1),1)))))*(INDEX('Earth curves'!$C$2:$C$46,MAX(1,MIN(44,IFERROR(MATCH(F45,'Earth curves'!$A$2:$A$46,1),1)))+1)-INDEX('Earth curves'!$C$2:$C$46,MAX(1,MIN(44,IFERROR(MATCH(F45,'Earth curves'!$A$2:$A$46,1),1)))))/(INDEX('Earth curves'!$A$2:$A$46,MAX(1,MIN(44,IFERROR(MATCH(F45,'Earth curves'!$A$2:$A$46,1),1)))+1)-INDEX('Earth curves'!$A$2:$A$46,MAX(1,MIN(44,IFERROR(MATCH(F45,'Earth curves'!$A$2:$A$46,1),1)))))) | S45: =MEDIAN(0.307692,Q45+MEDIAN(-0.350583,O45+NORMSINV(H45)*0.064828*Config!$B$3,0.120277),0.993846) | T45: =ROUND(Config!$B$7+(Config!$B$8-Config!$B$7)*S45,1) | V45: =IF(U45="",T45,U45) | W45: =MEDIAN(0.05,R45+MEDIAN(-0.302219,P45+NORMSINV(I45)*0.089531*Config!$B$3,0.274961),0.999) | X45: =(INDEX('Earth curves'!$F$2:$F$46,MAX(1,MIN(44,IFERROR(MATCH(W45,'Earth curves'!$E$2:$E$46,1),1))))+(W45-INDEX('Earth curves'!$E$2:$E$46,MAX(1,MIN(44,IFERROR(MATCH(W45,'Earth curves'!$E$2:$E$46,1),1)))))*(INDEX('Earth curves'!$F$2:$F$46,MAX(1,MIN(44,IFERROR(MATCH(W45,'Earth curves'!$E$2:$E$46,1),1)))+1)-INDEX('Earth curves'!$F$2:$F$46,MAX(1,MIN(44,IFERROR(MATCH(W45,'Earth curves'!$E$2:$E$46,1),1)))))/(INDEX('Earth curves'!$E$2:$E$46,MAX(1,MIN(44,IFERROR(MATCH(W45,'Earth curves'!$E$2:$E$46,1),1)))+1)-INDEX('Earth curves'!$E$2:$E$46,MAX(1,MIN(44,IFERROR(MATCH(W45,'Earth curves'!$E$2:$E$46,1),1)))))) | Y45: =(INDEX('Earth curves'!$G$2:$G$46,MAX(1,MIN(44,IFERROR(MATCH(W45,'Earth curves'!$E$2:$E$46,1),1))))+(W45-INDEX('Earth curves'!$E$2:$E$46,MAX(1,MIN(44,IFERROR(MATCH(W45,'Earth curves'!$E$2:$E$46,1),1)))))*(INDEX('Earth curves'!$G$2:$G$46,MAX(1,MIN(44,IFERROR(MATCH(W45,'Earth curves'!$E$2:$E$46,1),1)))+1)-INDEX('Earth curves'!$G$2:$G$46,MAX(1,MIN(44,IFERROR(MATCH(W45,'Earth curves'!$E$2:$E$46,1),1)))))/(INDEX('Earth curves'!$E$2:$E$46,MAX(1,MIN(44,IFERROR(MATCH(W45,'Earth curves'!$E$2:$E$46,1),1)))+1)-INDEX('Earth curves'!$E$2:$E$46,MAX(1,MIN(44,IFERROR(MATCH(W45,'Earth curves'!$E$2:$E$46,1),1)))))) | Z45: =(MIN(X45/Config!$B$9,1)+MIN(Y45/Config!$B$10,1))/2 | AA45: =ROUND(MIN(22,MAX(3,X45*W45/Z45)),1) | AC45: =IF(AB45="",AA45,AB45) | AD45: =ROUND(MIN(Config!$B$10,MAX(1,Y45*W45/Z45)),1) | AF45: =IF(AE45="",AD45,AE45) | AG45: =(V45-Config!$B$7)/(Config!$B$8-Config!$B$7) | AH45: =(MIN(AC45/Config!$B$9,1)+MIN(AF45/Config!$B$10,1))/2 | AI45: =ROUND((AG45*AH45*G45)^(1/3),3) | AJ45: 0.895 | AK45: =AI45-AJ45 | AL45: =AK45-AVERAGE($AK$2:$AK$173) | AM45: =IF(ABS(AL45)>Config!$B$11,"REVIEW","") | AN45: =RANK(AI45,$AI$2:$AI$173) | AO45: =RANK(AJ45,$AJ$2:$AJ$173) | AP45: 45
A46: Finae | B46: Quia | C46: resource | D46: 86349 | E46: =D46*Config!$B$4 | F46: =LN(MAX(60,E46)) | G46: =MEDIAN(0,(F46-LN(Config!$B$5))/(LN(Config!$B$6)-LN(Config!$B$5)),1) | H46: =MOD((Config!$B$2+$AP46*7919)*9301+49297,233280)/233280 | I46: =MOD((Config!$B$2+$AP46*104729)*4096+150889,714025)/714025 | J46: =MOD((Config!$B$2*31+$AP46*15485863)*1366+150889,714025)/714025 | M46: =COUNTIF(Siblings!$A$2:$A$84,B46) | N46: =1+INT(J46*M46) | O46: =IF(K46<>"",K46,IFERROR(INDEX(Siblings!$D$2:$D$84,MATCH(B46&"|"&N46,Siblings!$F$2:$F$84,0)),0)) | P46: =IF(L46<>"",L46,IFERROR(INDEX(Siblings!$E$2:$E$84,MATCH(B46&"|"&N46,Siblings!$F$2:$F$84,0)),0)) | Q46: =(INDEX('Earth curves'!$B$2:$B$46,MAX(1,MIN(44,IFERROR(MATCH(F46,'Earth curves'!$A$2:$A$46,1),1))))+(F46-INDEX('Earth curves'!$A$2:$A$46,MAX(1,MIN(44,IFERROR(MATCH(F46,'Earth curves'!$A$2:$A$46,1),1)))))*(INDEX('Earth curves'!$B$2:$B$46,MAX(1,MIN(44,IFERROR(MATCH(F46,'Earth curves'!$A$2:$A$46,1),1)))+1)-INDEX('Earth curves'!$B$2:$B$46,MAX(1,MIN(44,IFERROR(MATCH(F46,'Earth curves'!$A$2:$A$46,1),1)))))/(INDEX('Earth curves'!$A$2:$A$46,MAX(1,MIN(44,IFERROR(MATCH(F46,'Earth curves'!$A$2:$A$46,1),1)))+1)-INDEX('Earth curves'!$A$2:$A$46,MAX(1,MIN(44,IFERROR(MATCH(F46,'Earth curves'!$A$2:$A$46,1),1)))))) | R46: =(INDEX('Earth curves'!$C$2:$C$46,MAX(1,MIN(44,IFERROR(MATCH(F46,'Earth curves'!$A$2:$A$46,1),1))))+(F46-INDEX('Earth curves'!$A$2:$A$46,MAX(1,MIN(44,IFERROR(MATCH(F46,'Earth curves'!$A$2:$A$46,1),1)))))*(INDEX('Earth curves'!$C$2:$C$46,MAX(1,MIN(44,IFERROR(MATCH(F46,'Earth curves'!$A$2:$A$46,1),1)))+1)-INDEX('Earth curves'!$C$2:$C$46,MAX(1,MIN(44,IFERROR(MATCH(F46,'Earth curves'!$A$2:$A$46,1),1)))))/(INDEX('Earth curves'!$A$2:$A$46,MAX(1,MIN(44,IFERROR(MATCH(F46,'Earth curves'!$A$2:$A$46,1),1)))+1)-INDEX('Earth curves'!$A$2:$A$46,MAX(1,MIN(44,IFERROR(MATCH(F46,'Earth curves'!$A$2:$A$46,1),1)))))) | S46: =MEDIAN(0.307692,Q46+MEDIAN(-0.350583,O46+NORMSINV(H46)*0.064828*Config!$B$3,0.120277),0.993846) | T46: =ROUND(Config!$B$7+(Config!$B$8-Config!$B$7)*S46,1) | V46: =IF(U46="",T46,U46) | W46: =MEDIAN(0.05,R46+MEDIAN(-0.302219,P46+NORMSINV(I46)*0.089531*Config!$B$3,0.274961),0.999) | X46: =(INDEX('Earth curves'!$F$2:$F$46,MAX(1,MIN(44,IFERROR(MATCH(W46,'Earth curves'!$E$2:$E$46,1),1))))+(W46-INDEX('Earth curves'!$E$2:$E$46,MAX(1,MIN(44,IFERROR(MATCH(W46,'Earth curves'!$E$2:$E$46,1),1)))))*(INDEX('Earth curves'!$F$2:$F$46,MAX(1,MIN(44,IFERROR(MATCH(W46,'Earth curves'!$E$2:$E$46,1),1)))+1)-INDEX('Earth curves'!$F$2:$F$46,MAX(1,MIN(44,IFERROR(MATCH(W46,'Earth curves'!$E$2:$E$46,1),1)))))/(INDEX('Earth curves'!$E$2:$E$46,MAX(1,MIN(44,IFERROR(MATCH(W46,'Earth curves'!$E$2:$E$46,1),1)))+1)-INDEX('Earth curves'!$E$2:$E$46,MAX(1,MIN(44,IFERROR(MATCH(W46,'Earth curves'!$E$2:$E$46,1),1)))))) | Y46: =(INDEX('Earth curves'!$G$2:$G$46,MAX(1,MIN(44,IFERROR(MATCH(W46,'Earth curves'!$E$2:$E$46,1),1))))+(W46-INDEX('Earth curves'!$E$2:$E$46,MAX(1,MIN(44,IFERROR(MATCH(W46,'Earth curves'!$E$2:$E$46,1),1)))))*(INDEX('Earth curves'!$G$2:$G$46,MAX(1,MIN(44,IFERROR(MATCH(W46,'Earth curves'!$E$2:$E$46,1),1)))+1)-INDEX('Earth curves'!$G$2:$G$46,MAX(1,MIN(44,IFERROR(MATCH(W46,'Earth curves'!$E$2:$E$46,1),1)))))/(INDEX('Earth curves'!$E$2:$E$46,MAX(1,MIN(44,IFERROR(MATCH(W46,'Earth curves'!$E$2:$E$46,1),1)))+1)-INDEX('Earth curves'!$E$2:$E$46,MAX(1,MIN(44,IFERROR(MATCH(W46,'Earth curves'!$E$2:$E$46,1),1)))))) | Z46: =(MIN(X46/Config!$B$9,1)+MIN(Y46/Config!$B$10,1))/2 | AA46: =ROUND(MIN(22,MAX(3,X46*W46/Z46)),1) | AC46: =IF(AB46="",AA46,AB46) | AD46: =ROUND(MIN(Config!$B$10,MAX(1,Y46*W46/Z46)),1) | AF46: =IF(AE46="",AD46,AE46) | AG46: =(V46-Config!$B$7)/(Config!$B$8-Config!$B$7) | AH46: =(MIN(AC46/Config!$B$9,1)+MIN(AF46/Config!$B$10,1))/2 | AI46: =ROUND((AG46*AH46*G46)^(1/3),3) | AJ46: 0.829 | AK46: =AI46-AJ46 | AL46: =AK46-AVERAGE($AK$2:$AK$173) | AM46: =IF(ABS(AL46)>Config!$B$11,"REVIEW","") | AN46: =RANK(AI46,$AI$2:$AI$173) | AO46: =RANK(AJ46,$AJ$2:$AJ$173) | AP46: 46
A47: Fincen | B47: Atirha | C47: resource | D47: 102857 | E47: =D47*Config!$B$4 | F47: =LN(MAX(60,E47)) | G47: =MEDIAN(0,(F47-LN(Config!$B$5))/(LN(Config!$B$6)-LN(Config!$B$5)),1) | H47: =MOD((Config!$B$2+$AP47*7919)*9301+49297,233280)/233280 | I47: =MOD((Config!$B$2+$AP47*104729)*4096+150889,714025)/714025 | J47: =MOD((Config!$B$2*31+$AP47*15485863)*1366+150889,714025)/714025 | K47: 0.09897 | L47: -0.039546 | M47: =COUNTIF(Siblings!$A$2:$A$84,B47) | N47: =1+INT(J47*M47) | O47: =IF(K47<>"",K47,IFERROR(INDEX(Siblings!$D$2:$D$84,MATCH(B47&"|"&N47,Siblings!$F$2:$F$84,0)),0)) | P47: =IF(L47<>"",L47,IFERROR(INDEX(Siblings!$E$2:$E$84,MATCH(B47&"|"&N47,Siblings!$F$2:$F$84,0)),0)) | Q47: =(INDEX('Earth curves'!$B$2:$B$46,MAX(1,MIN(44,IFERROR(MATCH(F47,'Earth curves'!$A$2:$A$46,1),1))))+(F47-INDEX('Earth curves'!$A$2:$A$46,MAX(1,MIN(44,IFERROR(MATCH(F47,'Earth curves'!$A$2:$A$46,1),1)))))*(INDEX('Earth curves'!$B$2:$B$46,MAX(1,MIN(44,IFERROR(MATCH(F47,'Earth curves'!$A$2:$A$46,1),1)))+1)-INDEX('Earth curves'!$B$2:$B$46,MAX(1,MIN(44,IFERROR(MATCH(F47,'Earth curves'!$A$2:$A$46,1),1)))))/(INDEX('Earth curves'!$A$2:$A$46,MAX(1,MIN(44,IFERROR(MATCH(F47,'Earth curves'!$A$2:$A$46,1),1)))+1)-INDEX('Earth curves'!$A$2:$A$46,MAX(1,MIN(44,IFERROR(MATCH(F47,'Earth curves'!$A$2:$A$46,1),1)))))) | R47: =(INDEX('Earth curves'!$C$2:$C$46,MAX(1,MIN(44,IFERROR(MATCH(F47,'Earth curves'!$A$2:$A$46,1),1))))+(F47-INDEX('Earth curves'!$A$2:$A$46,MAX(1,MIN(44,IFERROR(MATCH(F47,'Earth curves'!$A$2:$A$46,1),1)))))*(INDEX('Earth curves'!$C$2:$C$46,MAX(1,MIN(44,IFERROR(MATCH(F47,'Earth curves'!$A$2:$A$46,1),1)))+1)-INDEX('Earth curves'!$C$2:$C$46,MAX(1,MIN(44,IFERROR(MATCH(F47,'Earth curves'!$A$2:$A$46,1),1)))))/(INDEX('Earth curves'!$A$2:$A$46,MAX(1,MIN(44,IFERROR(MATCH(F47,'Earth curves'!$A$2:$A$46,1),1)))+1)-INDEX('Earth curves'!$A$2:$A$46,MAX(1,MIN(44,IFERROR(MATCH(F47,'Earth curves'!$A$2:$A$46,1),1)))))) | S47: =MEDIAN(0.307692,Q47+MEDIAN(-0.350583,O47+NORMSINV(H47)*0.064828*Config!$B$3,0.120277),0.993846) | T47: =ROUND(Config!$B$7+(Config!$B$8-Config!$B$7)*S47,1) | V47: =IF(U47="",T47,U47) | W47: =MEDIAN(0.05,R47+MEDIAN(-0.302219,P47+NORMSINV(I47)*0.089531*Config!$B$3,0.274961),0.999) | X47: =(INDEX('Earth curves'!$F$2:$F$46,MAX(1,MIN(44,IFERROR(MATCH(W47,'Earth curves'!$E$2:$E$46,1),1))))+(W47-INDEX('Earth curves'!$E$2:$E$46,MAX(1,MIN(44,IFERROR(MATCH(W47,'Earth curves'!$E$2:$E$46,1),1)))))*(INDEX('Earth curves'!$F$2:$F$46,MAX(1,MIN(44,IFERROR(MATCH(W47,'Earth curves'!$E$2:$E$46,1),1)))+1)-INDEX('Earth curves'!$F$2:$F$46,MAX(1,MIN(44,IFERROR(MATCH(W47,'Earth curves'!$E$2:$E$46,1),1)))))/(INDEX('Earth curves'!$E$2:$E$46,MAX(1,MIN(44,IFERROR(MATCH(W47,'Earth curves'!$E$2:$E$46,1),1)))+1)-INDEX('Earth curves'!$E$2:$E$46,MAX(1,MIN(44,IFERROR(MATCH(W47,'Earth curves'!$E$2:$E$46,1),1)))))) | Y47: =(INDEX('Earth curves'!$G$2:$G$46,MAX(1,MIN(44,IFERROR(MATCH(W47,'Earth curves'!$E$2:$E$46,1),1))))+(W47-INDEX('Earth curves'!$E$2:$E$46,MAX(1,MIN(44,IFERROR(MATCH(W47,'Earth curves'!$E$2:$E$46,1),1)))))*(INDEX('Earth curves'!$G$2:$G$46,MAX(1,MIN(44,IFERROR(MATCH(W47,'Earth curves'!$E$2:$E$46,1),1)))+1)-INDEX('Earth curves'!$G$2:$G$46,MAX(1,MIN(44,IFERROR(MATCH(W47,'Earth curves'!$E$2:$E$46,1),1)))))/(INDEX('Earth curves'!$E$2:$E$46,MAX(1,MIN(44,IFERROR(MATCH(W47,'Earth curves'!$E$2:$E$46,1),1)))+1)-INDEX('Earth curves'!$E$2:$E$46,MAX(1,MIN(44,IFERROR(MATCH(W47,'Earth curves'!$E$2:$E$46,1),1)))))) | Z47: =(MIN(X47/Config!$B$9,1)+MIN(Y47/Config!$B$10,1))/2 | AA47: =ROUND(MIN(22,MAX(3,X47*W47/Z47)),1) | AC47: =IF(AB47="",AA47,AB47) | AD47: =ROUND(MIN(Config!$B$10,MAX(1,Y47*W47/Z47)),1) | AF47: =IF(AE47="",AD47,AE47) | AG47: =(V47-Config!$B$7)/(Config!$B$8-Config!$B$7) | AH47: =(MIN(AC47/Config!$B$9,1)+MIN(AF47/Config!$B$10,1))/2 | AI47: =ROUND((AG47*AH47*G47)^(1/3),3) | AJ47: 0.939 | AK47: =AI47-AJ47 | AL47: =AK47-AVERAGE($AK$2:$AK$173) | AM47: =IF(ABS(AL47)>Config!$B$11,"REVIEW","") | AN47: =RANK(AI47,$AI$2:$AI$173) | AO47: =RANK(AJ47,$AJ$2:$AJ$173) | AP47: 47
A48: Fire Coast | B48: Acrola | C48: resource | D48: 28254 | E48: =D48*Config!$B$4 | F48: =LN(MAX(60,E48)) | G48: =MEDIAN(0,(F48-LN(Config!$B$5))/(LN(Config!$B$6)-LN(Config!$B$5)),1) | H48: =MOD((Config!$B$2+$AP48*7919)*9301+49297,233280)/233280 | I48: =MOD((Config!$B$2+$AP48*104729)*4096+150889,714025)/714025 | J48: =MOD((Config!$B$2*31+$AP48*15485863)*1366+150889,714025)/714025 | K48: -0.047841 | L48: -0.035323 | M48: =COUNTIF(Siblings!$A$2:$A$84,B48) | N48: =1+INT(J48*M48) | O48: =IF(K48<>"",K48,IFERROR(INDEX(Siblings!$D$2:$D$84,MATCH(B48&"|"&N48,Siblings!$F$2:$F$84,0)),0)) | P48: =IF(L48<>"",L48,IFERROR(INDEX(Siblings!$E$2:$E$84,MATCH(B48&"|"&N48,Siblings!$F$2:$F$84,0)),0)) | Q48: =(INDEX('Earth curves'!$B$2:$B$46,MAX(1,MIN(44,IFERROR(MATCH(F48,'Earth curves'!$A$2:$A$46,1),1))))+(F48-INDEX('Earth curves'!$A$2:$A$46,MAX(1,MIN(44,IFERROR(MATCH(F48,'Earth curves'!$A$2:$A$46,1),1)))))*(INDEX('Earth curves'!$B$2:$B$46,MAX(1,MIN(44,IFERROR(MATCH(F48,'Earth curves'!$A$2:$A$46,1),1)))+1)-INDEX('Earth curves'!$B$2:$B$46,MAX(1,MIN(44,IFERROR(MATCH(F48,'Earth curves'!$A$2:$A$46,1),1)))))/(INDEX('Earth curves'!$A$2:$A$46,MAX(1,MIN(44,IFERROR(MATCH(F48,'Earth curves'!$A$2:$A$46,1),1)))+1)-INDEX('Earth curves'!$A$2:$A$46,MAX(1,MIN(44,IFERROR(MATCH(F48,'Earth curves'!$A$2:$A$46,1),1)))))) | R48: =(INDEX('Earth curves'!$C$2:$C$46,MAX(1,MIN(44,IFERROR(MATCH(F48,'Earth curves'!$A$2:$A$46,1),1))))+(F48-INDEX('Earth curves'!$A$2:$A$46,MAX(1,MIN(44,IFERROR(MATCH(F48,'Earth curves'!$A$2:$A$46,1),1)))))*(INDEX('Earth curves'!$C$2:$C$46,MAX(1,MIN(44,IFERROR(MATCH(F48,'Earth curves'!$A$2:$A$46,1),1)))+1)-INDEX('Earth curves'!$C$2:$C$46,MAX(1,MIN(44,IFERROR(MATCH(F48,'Earth curves'!$A$2:$A$46,1),1)))))/(INDEX('Earth curves'!$A$2:$A$46,MAX(1,MIN(44,IFERROR(MATCH(F48,'Earth curves'!$A$2:$A$46,1),1)))+1)-INDEX('Earth curves'!$A$2:$A$46,MAX(1,MIN(44,IFERROR(MATCH(F48,'Earth curves'!$A$2:$A$46,1),1)))))) | S48: =MEDIAN(0.307692,Q48+MEDIAN(-0.350583,O48+NORMSINV(H48)*0.064828*Config!$B$3,0.120277),0.993846) | T48: =ROUND(Config!$B$7+(Config!$B$8-Config!$B$7)*S48,1) | V48: =IF(U48="",T48,U48) | W48: =MEDIAN(0.05,R48+MEDIAN(-0.302219,P48+NORMSINV(I48)*0.089531*Config!$B$3,0.274961),0.999) | X48: =(INDEX('Earth curves'!$F$2:$F$46,MAX(1,MIN(44,IFERROR(MATCH(W48,'Earth curves'!$E$2:$E$46,1),1))))+(W48-INDEX('Earth curves'!$E$2:$E$46,MAX(1,MIN(44,IFERROR(MATCH(W48,'Earth curves'!$E$2:$E$46,1),1)))))*(INDEX('Earth curves'!$F$2:$F$46,MAX(1,MIN(44,IFERROR(MATCH(W48,'Earth curves'!$E$2:$E$46,1),1)))+1)-INDEX('Earth curves'!$F$2:$F$46,MAX(1,MIN(44,IFERROR(MATCH(W48,'Earth curves'!$E$2:$E$46,1),1)))))/(INDEX('Earth curves'!$E$2:$E$46,MAX(1,MIN(44,IFERROR(MATCH(W48,'Earth curves'!$E$2:$E$46,1),1)))+1)-INDEX('Earth curves'!$E$2:$E$46,MAX(1,MIN(44,IFERROR(MATCH(W48,'Earth curves'!$E$2:$E$46,1),1)))))) | Y48: =(INDEX('Earth curves'!$G$2:$G$46,MAX(1,MIN(44,IFERROR(MATCH(W48,'Earth curves'!$E$2:$E$46,1),1))))+(W48-INDEX('Earth curves'!$E$2:$E$46,MAX(1,MIN(44,IFERROR(MATCH(W48,'Earth curves'!$E$2:$E$46,1),1)))))*(INDEX('Earth curves'!$G$2:$G$46,MAX(1,MIN(44,IFERROR(MATCH(W48,'Earth curves'!$E$2:$E$46,1),1)))+1)-INDEX('Earth curves'!$G$2:$G$46,MAX(1,MIN(44,IFERROR(MATCH(W48,'Earth curves'!$E$2:$E$46,1),1)))))/(INDEX('Earth curves'!$E$2:$E$46,MAX(1,MIN(44,IFERROR(MATCH(W48,'Earth curves'!$E$2:$E$46,1),1)))+1)-INDEX('Earth curves'!$E$2:$E$46,MAX(1,MIN(44,IFERROR(MATCH(W48,'Earth curves'!$E$2:$E$46,1),1)))))) | Z48: =(MIN(X48/Config!$B$9,1)+MIN(Y48/Config!$B$10,1))/2 | AA48: =ROUND(MIN(22,MAX(3,X48*W48/Z48)),1) | AC48: =IF(AB48="",AA48,AB48) | AD48: =ROUND(MIN(Config!$B$10,MAX(1,Y48*W48/Z48)),1) | AF48: =IF(AE48="",AD48,AE48) | AG48: =(V48-Config!$B$7)/(Config!$B$8-Config!$B$7) | AH48: =(MIN(AC48/Config!$B$9,1)+MIN(AF48/Config!$B$10,1))/2 | AI48: =ROUND((AG48*AH48*G48)^(1/3),3) | AJ48: 0.576 | AK48: =AI48-AJ48 | AL48: =AK48-AVERAGE($AK$2:$AK$173) | AM48: =IF(ABS(AL48)>Config!$B$11,"REVIEW","") | AN48: =RANK(AI48,$AI$2:$AI$173) | AO48: =RANK(AJ48,$AJ$2:$AJ$173) | AP48: 48
A49: Gaeiya | B49: Atirha | C49: petro, resource, university | D49: 157143 | E49: =D49*Config!$B$4 | F49: =LN(MAX(60,E49)) | G49: =MEDIAN(0,(F49-LN(Config!$B$5))/(LN(Config!$B$6)-LN(Config!$B$5)),1) | H49: =MOD((Config!$B$2+$AP49*7919)*9301+49297,233280)/233280 | I49: =MOD((Config!$B$2+$AP49*104729)*4096+150889,714025)/714025 | J49: =MOD((Config!$B$2*31+$AP49*15485863)*1366+150889,714025)/714025 | K49: 0.023607 | L49: 0.067838 | M49: =COUNTIF(Siblings!$A$2:$A$84,B49) | N49: =1+INT(J49*M49) | O49: =IF(K49<>"",K49,IFERROR(INDEX(Siblings!$D$2:$D$84,MATCH(B49&"|"&N49,Siblings!$F$2:$F$84,0)),0)) | P49: =IF(L49<>"",L49,IFERROR(INDEX(Siblings!$E$2:$E$84,MATCH(B49&"|"&N49,Siblings!$F$2:$F$84,0)),0)) | Q49: =(INDEX('Earth curves'!$B$2:$B$46,MAX(1,MIN(44,IFERROR(MATCH(F49,'Earth curves'!$A$2:$A$46,1),1))))+(F49-INDEX('Earth curves'!$A$2:$A$46,MAX(1,MIN(44,IFERROR(MATCH(F49,'Earth curves'!$A$2:$A$46,1),1)))))*(INDEX('Earth curves'!$B$2:$B$46,MAX(1,MIN(44,IFERROR(MATCH(F49,'Earth curves'!$A$2:$A$46,1),1)))+1)-INDEX('Earth curves'!$B$2:$B$46,MAX(1,MIN(44,IFERROR(MATCH(F49,'Earth curves'!$A$2:$A$46,1),1)))))/(INDEX('Earth curves'!$A$2:$A$46,MAX(1,MIN(44,IFERROR(MATCH(F49,'Earth curves'!$A$2:$A$46,1),1)))+1)-INDEX('Earth curves'!$A$2:$A$46,MAX(1,MIN(44,IFERROR(MATCH(F49,'Earth curves'!$A$2:$A$46,1),1)))))) | R49: =(INDEX('Earth curves'!$C$2:$C$46,MAX(1,MIN(44,IFERROR(MATCH(F49,'Earth curves'!$A$2:$A$46,1),1))))+(F49-INDEX('Earth curves'!$A$2:$A$46,MAX(1,MIN(44,IFERROR(MATCH(F49,'Earth curves'!$A$2:$A$46,1),1)))))*(INDEX('Earth curves'!$C$2:$C$46,MAX(1,MIN(44,IFERROR(MATCH(F49,'Earth curves'!$A$2:$A$46,1),1)))+1)-INDEX('Earth curves'!$C$2:$C$46,MAX(1,MIN(44,IFERROR(MATCH(F49,'Earth curves'!$A$2:$A$46,1),1)))))/(INDEX('Earth curves'!$A$2:$A$46,MAX(1,MIN(44,IFERROR(MATCH(F49,'Earth curves'!$A$2:$A$46,1),1)))+1)-INDEX('Earth curves'!$A$2:$A$46,MAX(1,MIN(44,IFERROR(MATCH(F49,'Earth curves'!$A$2:$A$46,1),1)))))) | S49: =MEDIAN(0.307692,Q49+MEDIAN(-0.350583,O49+NORMSINV(H49)*0.064828*Config!$B$3,0.120277),0.993846) | T49: =ROUND(Config!$B$7+(Config!$B$8-Config!$B$7)*S49,1) | V49: =IF(U49="",T49,U49) | W49: =MEDIAN(0.05,R49+MEDIAN(-0.302219,P49+NORMSINV(I49)*0.089531*Config!$B$3,0.274961),0.999) | X49: =(INDEX('Earth curves'!$F$2:$F$46,MAX(1,MIN(44,IFERROR(MATCH(W49,'Earth curves'!$E$2:$E$46,1),1))))+(W49-INDEX('Earth curves'!$E$2:$E$46,MAX(1,MIN(44,IFERROR(MATCH(W49,'Earth curves'!$E$2:$E$46,1),1)))))*(INDEX('Earth curves'!$F$2:$F$46,MAX(1,MIN(44,IFERROR(MATCH(W49,'Earth curves'!$E$2:$E$46,1),1)))+1)-INDEX('Earth curves'!$F$2:$F$46,MAX(1,MIN(44,IFERROR(MATCH(W49,'Earth curves'!$E$2:$E$46,1),1)))))/(INDEX('Earth curves'!$E$2:$E$46,MAX(1,MIN(44,IFERROR(MATCH(W49,'Earth curves'!$E$2:$E$46,1),1)))+1)-INDEX('Earth curves'!$E$2:$E$46,MAX(1,MIN(44,IFERROR(MATCH(W49,'Earth curves'!$E$2:$E$46,1),1)))))) | Y49: =(INDEX('Earth curves'!$G$2:$G$46,MAX(1,MIN(44,IFERROR(MATCH(W49,'Earth curves'!$E$2:$E$46,1),1))))+(W49-INDEX('Earth curves'!$E$2:$E$46,MAX(1,MIN(44,IFERROR(MATCH(W49,'Earth curves'!$E$2:$E$46,1),1)))))*(INDEX('Earth curves'!$G$2:$G$46,MAX(1,MIN(44,IFERROR(MATCH(W49,'Earth curves'!$E$2:$E$46,1),1)))+1)-INDEX('Earth curves'!$G$2:$G$46,MAX(1,MIN(44,IFERROR(MATCH(W49,'Earth curves'!$E$2:$E$46,1),1)))))/(INDEX('Earth curves'!$E$2:$E$46,MAX(1,MIN(44,IFERROR(MATCH(W49,'Earth curves'!$E$2:$E$46,1),1)))+1)-INDEX('Earth curves'!$E$2:$E$46,MAX(1,MIN(44,IFERROR(MATCH(W49,'Earth curves'!$E$2:$E$46,1),1)))))) | Z49: =(MIN(X49/Config!$B$9,1)+MIN(Y49/Config!$B$10,1))/2 | AA49: =ROUND(MIN(22,MAX(3,X49*W49/Z49)),1) | AC49: =IF(AB49="",AA49,AB49) | AD49: =ROUND(MIN(Config!$B$10,MAX(1,Y49*W49/Z49)),1) | AF49: =IF(AE49="",AD49,AE49) | AG49: =(V49-Config!$B$7)/(Config!$B$8-Config!$B$7) | AH49: =(MIN(AC49/Config!$B$9,1)+MIN(AF49/Config!$B$10,1))/2 | AI49: =ROUND((AG49*AH49*G49)^(1/3),3) | AJ49: 0.945 | AK49: =AI49-AJ49 | AL49: =AK49-AVERAGE($AK$2:$AK$173) | AM49: =IF(ABS(AL49)>Config!$B$11,"REVIEW","") | AN49: =RANK(AI49,$AI$2:$AI$173) | AO49: =RANK(AJ49,$AJ$2:$AJ$173) | AP49: 49
A50: Galca | B50: Mahea | C50: resource | D50: 12476 | E50: =D50*Config!$B$4 | F50: =LN(MAX(60,E50)) | G50: =MEDIAN(0,(F50-LN(Config!$B$5))/(LN(Config!$B$6)-LN(Config!$B$5)),1) | H50: =MOD((Config!$B$2+$AP50*7919)*9301+49297,233280)/233280 | I50: =MOD((Config!$B$2+$AP50*104729)*4096+150889,714025)/714025 | J50: =MOD((Config!$B$2*31+$AP50*15485863)*1366+150889,714025)/714025 | K50: 0.059086 | L50: 0.12655 | M50: =COUNTIF(Siblings!$A$2:$A$84,B50) | N50: =1+INT(J50*M50) | O50: =IF(K50<>"",K50,IFERROR(INDEX(Siblings!$D$2:$D$84,MATCH(B50&"|"&N50,Siblings!$F$2:$F$84,0)),0)) | P50: =IF(L50<>"",L50,IFERROR(INDEX(Siblings!$E$2:$E$84,MATCH(B50&"|"&N50,Siblings!$F$2:$F$84,0)),0)) | Q50: =(INDEX('Earth curves'!$B$2:$B$46,MAX(1,MIN(44,IFERROR(MATCH(F50,'Earth curves'!$A$2:$A$46,1),1))))+(F50-INDEX('Earth curves'!$A$2:$A$46,MAX(1,MIN(44,IFERROR(MATCH(F50,'Earth curves'!$A$2:$A$46,1),1)))))*(INDEX('Earth curves'!$B$2:$B$46,MAX(1,MIN(44,IFERROR(MATCH(F50,'Earth curves'!$A$2:$A$46,1),1)))+1)-INDEX('Earth curves'!$B$2:$B$46,MAX(1,MIN(44,IFERROR(MATCH(F50,'Earth curves'!$A$2:$A$46,1),1)))))/(INDEX('Earth curves'!$A$2:$A$46,MAX(1,MIN(44,IFERROR(MATCH(F50,'Earth curves'!$A$2:$A$46,1),1)))+1)-INDEX('Earth curves'!$A$2:$A$46,MAX(1,MIN(44,IFERROR(MATCH(F50,'Earth curves'!$A$2:$A$46,1),1)))))) | R50: =(INDEX('Earth curves'!$C$2:$C$46,MAX(1,MIN(44,IFERROR(MATCH(F50,'Earth curves'!$A$2:$A$46,1),1))))+(F50-INDEX('Earth curves'!$A$2:$A$46,MAX(1,MIN(44,IFERROR(MATCH(F50,'Earth curves'!$A$2:$A$46,1),1)))))*(INDEX('Earth curves'!$C$2:$C$46,MAX(1,MIN(44,IFERROR(MATCH(F50,'Earth curves'!$A$2:$A$46,1),1)))+1)-INDEX('Earth curves'!$C$2:$C$46,MAX(1,MIN(44,IFERROR(MATCH(F50,'Earth curves'!$A$2:$A$46,1),1)))))/(INDEX('Earth curves'!$A$2:$A$46,MAX(1,MIN(44,IFERROR(MATCH(F50,'Earth curves'!$A$2:$A$46,1),1)))+1)-INDEX('Earth curves'!$A$2:$A$46,MAX(1,MIN(44,IFERROR(MATCH(F50,'Earth curves'!$A$2:$A$46,1),1)))))) | S50: =MEDIAN(0.307692,Q50+MEDIAN(-0.350583,O50+NORMSINV(H50)*0.064828*Config!$B$3,0.120277),0.993846) | T50: =ROUND(Config!$B$7+(Config!$B$8-Config!$B$7)*S50,1) | V50: =IF(U50="",T50,U50) | W50: =MEDIAN(0.05,R50+MEDIAN(-0.302219,P50+NORMSINV(I50)*0.089531*Config!$B$3,0.274961),0.999) | X50: =(INDEX('Earth curves'!$F$2:$F$46,MAX(1,MIN(44,IFERROR(MATCH(W50,'Earth curves'!$E$2:$E$46,1),1))))+(W50-INDEX('Earth curves'!$E$2:$E$46,MAX(1,MIN(44,IFERROR(MATCH(W50,'Earth curves'!$E$2:$E$46,1),1)))))*(INDEX('Earth curves'!$F$2:$F$46,MAX(1,MIN(44,IFERROR(MATCH(W50,'Earth curves'!$E$2:$E$46,1),1)))+1)-INDEX('Earth curves'!$F$2:$F$46,MAX(1,MIN(44,IFERROR(MATCH(W50,'Earth curves'!$E$2:$E$46,1),1)))))/(INDEX('Earth curves'!$E$2:$E$46,MAX(1,MIN(44,IFERROR(MATCH(W50,'Earth curves'!$E$2:$E$46,1),1)))+1)-INDEX('Earth curves'!$E$2:$E$46,MAX(1,MIN(44,IFERROR(MATCH(W50,'Earth curves'!$E$2:$E$46,1),1)))))) | Y50: =(INDEX('Earth curves'!$G$2:$G$46,MAX(1,MIN(44,IFERROR(MATCH(W50,'Earth curves'!$E$2:$E$46,1),1))))+(W50-INDEX('Earth curves'!$E$2:$E$46,MAX(1,MIN(44,IFERROR(MATCH(W50,'Earth curves'!$E$2:$E$46,1),1)))))*(INDEX('Earth curves'!$G$2:$G$46,MAX(1,MIN(44,IFERROR(MATCH(W50,'Earth curves'!$E$2:$E$46,1),1)))+1)-INDEX('Earth curves'!$G$2:$G$46,MAX(1,MIN(44,IFERROR(MATCH(W50,'Earth curves'!$E$2:$E$46,1),1)))))/(INDEX('Earth curves'!$E$2:$E$46,MAX(1,MIN(44,IFERROR(MATCH(W50,'Earth curves'!$E$2:$E$46,1),1)))+1)-INDEX('Earth curves'!$E$2:$E$46,MAX(1,MIN(44,IFERROR(MATCH(W50,'Earth curves'!$E$2:$E$46,1),1)))))) | Z50: =(MIN(X50/Config!$B$9,1)+MIN(Y50/Config!$B$10,1))/2 | AA50: =ROUND(MIN(22,MAX(3,X50*W50/Z50)),1) | AC50: =IF(AB50="",AA50,AB50) | AD50: =ROUND(MIN(Config!$B$10,MAX(1,Y50*W50/Z50)),1) | AF50: =IF(AE50="",AD50,AE50) | AG50: =(V50-Config!$B$7)/(Config!$B$8-Config!$B$7) | AH50: =(MIN(AC50/Config!$B$9,1)+MIN(AF50/Config!$B$10,1))/2 | AI50: =ROUND((AG50*AH50*G50)^(1/3),3) | AJ50: 0.652 | AK50: =AI50-AJ50 | AL50: =AK50-AVERAGE($AK$2:$AK$173) | AM50: =IF(ABS(AL50)>Config!$B$11,"REVIEW","") | AN50: =RANK(AI50,$AI$2:$AI$173) | AO50: =RANK(AJ50,$AJ$2:$AJ$173) | AP50: 50
A51: Genaire | B51: Atirha | C51: resource | D51: 149206 | E51: =D51*Config!$B$4 | F51: =LN(MAX(60,E51)) | G51: =MEDIAN(0,(F51-LN(Config!$B$5))/(LN(Config!$B$6)-LN(Config!$B$5)),1) | H51: =MOD((Config!$B$2+$AP51*7919)*9301+49297,233280)/233280 | I51: =MOD((Config!$B$2+$AP51*104729)*4096+150889,714025)/714025 | J51: =MOD((Config!$B$2*31+$AP51*15485863)*1366+150889,714025)/714025 | K51: 0.023607 | L51: 0.067838 | M51: =COUNTIF(Siblings!$A$2:$A$84,B51) | N51: =1+INT(J51*M51) | O51: =IF(K51<>"",K51,IFERROR(INDEX(Siblings!$D$2:$D$84,MATCH(B51&"|"&N51,Siblings!$F$2:$F$84,0)),0)) | P51: =IF(L51<>"",L51,IFERROR(INDEX(Siblings!$E$2:$E$84,MATCH(B51&"|"&N51,Siblings!$F$2:$F$84,0)),0)) | Q51: =(INDEX('Earth curves'!$B$2:$B$46,MAX(1,MIN(44,IFERROR(MATCH(F51,'Earth curves'!$A$2:$A$46,1),1))))+(F51-INDEX('Earth curves'!$A$2:$A$46,MAX(1,MIN(44,IFERROR(MATCH(F51,'Earth curves'!$A$2:$A$46,1),1)))))*(INDEX('Earth curves'!$B$2:$B$46,MAX(1,MIN(44,IFERROR(MATCH(F51,'Earth curves'!$A$2:$A$46,1),1)))+1)-INDEX('Earth curves'!$B$2:$B$46,MAX(1,MIN(44,IFERROR(MATCH(F51,'Earth curves'!$A$2:$A$46,1),1)))))/(INDEX('Earth curves'!$A$2:$A$46,MAX(1,MIN(44,IFERROR(MATCH(F51,'Earth curves'!$A$2:$A$46,1),1)))+1)-INDEX('Earth curves'!$A$2:$A$46,MAX(1,MIN(44,IFERROR(MATCH(F51,'Earth curves'!$A$2:$A$46,1),1)))))) | R51: =(INDEX('Earth curves'!$C$2:$C$46,MAX(1,MIN(44,IFERROR(MATCH(F51,'Earth curves'!$A$2:$A$46,1),1))))+(F51-INDEX('Earth curves'!$A$2:$A$46,MAX(1,MIN(44,IFERROR(MATCH(F51,'Earth curves'!$A$2:$A$46,1),1)))))*(INDEX('Earth curves'!$C$2:$C$46,MAX(1,MIN(44,IFERROR(MATCH(F51,'Earth curves'!$A$2:$A$46,1),1)))+1)-INDEX('Earth curves'!$C$2:$C$46,MAX(1,MIN(44,IFERROR(MATCH(F51,'Earth curves'!$A$2:$A$46,1),1)))))/(INDEX('Earth curves'!$A$2:$A$46,MAX(1,MIN(44,IFERROR(MATCH(F51,'Earth curves'!$A$2:$A$46,1),1)))+1)-INDEX('Earth curves'!$A$2:$A$46,MAX(1,MIN(44,IFERROR(MATCH(F51,'Earth curves'!$A$2:$A$46,1),1)))))) | S51: =MEDIAN(0.307692,Q51+MEDIAN(-0.350583,O51+NORMSINV(H51)*0.064828*Config!$B$3,0.120277),0.993846) | T51: =ROUND(Config!$B$7+(Config!$B$8-Config!$B$7)*S51,1) | V51: =IF(U51="",T51,U51) | W51: =MEDIAN(0.05,R51+MEDIAN(-0.302219,P51+NORMSINV(I51)*0.089531*Config!$B$3,0.274961),0.999) | X51: =(INDEX('Earth curves'!$F$2:$F$46,MAX(1,MIN(44,IFERROR(MATCH(W51,'Earth curves'!$E$2:$E$46,1),1))))+(W51-INDEX('Earth curves'!$E$2:$E$46,MAX(1,MIN(44,IFERROR(MATCH(W51,'Earth curves'!$E$2:$E$46,1),1)))))*(INDEX('Earth curves'!$F$2:$F$46,MAX(1,MIN(44,IFERROR(MATCH(W51,'Earth curves'!$E$2:$E$46,1),1)))+1)-INDEX('Earth curves'!$F$2:$F$46,MAX(1,MIN(44,IFERROR(MATCH(W51,'Earth curves'!$E$2:$E$46,1),1)))))/(INDEX('Earth curves'!$E$2:$E$46,MAX(1,MIN(44,IFERROR(MATCH(W51,'Earth curves'!$E$2:$E$46,1),1)))+1)-INDEX('Earth curves'!$E$2:$E$46,MAX(1,MIN(44,IFERROR(MATCH(W51,'Earth curves'!$E$2:$E$46,1),1)))))) | Y51: =(INDEX('Earth curves'!$G$2:$G$46,MAX(1,MIN(44,IFERROR(MATCH(W51,'Earth curves'!$E$2:$E$46,1),1))))+(W51-INDEX('Earth curves'!$E$2:$E$46,MAX(1,MIN(44,IFERROR(MATCH(W51,'Earth curves'!$E$2:$E$46,1),1)))))*(INDEX('Earth curves'!$G$2:$G$46,MAX(1,MIN(44,IFERROR(MATCH(W51,'Earth curves'!$E$2:$E$46,1),1)))+1)-INDEX('Earth curves'!$G$2:$G$46,MAX(1,MIN(44,IFERROR(MATCH(W51,'Earth curves'!$E$2:$E$46,1),1)))))/(INDEX('Earth curves'!$E$2:$E$46,MAX(1,MIN(44,IFERROR(MATCH(W51,'Earth curves'!$E$2:$E$46,1),1)))+1)-INDEX('Earth curves'!$E$2:$E$46,MAX(1,MIN(44,IFERROR(MATCH(W51,'Earth curves'!$E$2:$E$46,1),1)))))) | Z51: =(MIN(X51/Config!$B$9,1)+MIN(Y51/Config!$B$10,1))/2 | AA51: =ROUND(MIN(22,MAX(3,X51*W51/Z51)),1) | AC51: =IF(AB51="",AA51,AB51) | AD51: =ROUND(MIN(Config!$B$10,MAX(1,Y51*W51/Z51)),1) | AF51: =IF(AE51="",AD51,AE51) | AG51: =(V51-Config!$B$7)/(Config!$B$8-Config!$B$7) | AH51: =(MIN(AC51/Config!$B$9,1)+MIN(AF51/Config!$B$10,1))/2 | AI51: =ROUND((AG51*AH51*G51)^(1/3),3) | AJ51: 0.874 | AK51: =AI51-AJ51 | AL51: =AK51-AVERAGE($AK$2:$AK$173) | AM51: =IF(ABS(AL51)>Config!$B$11,"REVIEW","") | AN51: =RANK(AI51,$AI$2:$AI$173) | AO51: =RANK(AJ51,$AJ$2:$AJ$173) | AP51: 51
